,Case Number,Date,Year,Type,Country,Area,Location,Activity,Sex ,Age,Fatal (Y/N)
7,2016.09.07,Sep,2016,Unprovoked,USA,Hawaii,"Makaha, Oahu",Swimming,F,51,N
9,2016.09.05.b,Sep,2016,Unprovoked,USA,South Carolina,"Kingston Plantation, Myrtle Beach, Horry County",Boogie boarding,F,12,N
30,2016.07.16.b,Jul,2016,Unprovoked,USA,Florida,"New Smyrna Beach, Volusia County",Surfing,F,9,N
31,2016.07.16.a,Jul,2016,Unprovoked,USA,Florida,"New Smyrna Beach, Volusia County",Unknown,F,11,N
34,2016.07.08.R,Jul,2016,Unprovoked,SPAIN,Canary Islands,"Las Teresitas, Tenerife",Wading,F,10,N
38,2016.07.06,Jul,2016,Unprovoked,USA,Florida,"Melbourne Beach, Brevard County",Swimming,F,42,N
48,2016.06.14,Jun,2016,Unprovoked,USA,Texas,"Pirates Beach, Galveston",Floating in tube,F,6,N
52,2016.06.05.a,Jun,2016,Unprovoked,AUSTRALIA,Western Australia,Mindarie,Diving,F,60,Y
57,2016.05.29.b,May,2016,Unprovoked,USA,California,"Corona Del Mar, Newport, Orange County",Swimming,F,52,N
59,2016.05.22,May,2016,Unprovoked,USA,Florida,"Vero Beach, Indian River County",Swimming,F,57,N
60,2016.05.21.b,May,2016,Unprovoked,USA,Florida,"St. Petersburg, Pinellas County",Swimming,F,22,N
61,2016.05.21.a,May,2016,Unprovoked,USA,Florida,"Hugenot Beach , Jacksonville, Duval County",Swimming,F,11,N
63,2016.05.15,May,2016,Provoked,USA,Florida,"Boca Raton, Palm Beach County",Teasing a shark,F,23,N
72,2016.04.09,Apr,2016,Unprovoked,NEW CALEDONIA,Grand Terre,Poe Beach,Walking,F,69,Y
76,2016.03.31,Mar,2016,Unprovoked,USA,Hawaii,"Olowalu, Maui",Snorkeling,F,46,N
92,2016.02.05,Feb,2016,Unprovoked,AUSTRALIA,Queensland,Stradbroke Island,Walking,F,45,N
96,2016.01.25,Jan,2016,Unprovoked,USA,Hawaii,"Hanalei Bay, Kauai, ",Surfing,F,15,N
104,2015.12.25,Dec,2015,Unprovoked,SPAIN,Grand Canary Island,"Arinaga Beach, Aguimes, Gran Canaria",Swimming,F,38,N
111,2015.12.08,Dec,2015,Unprovoked,SOUTH AFRICA,Eastern Cape Province,Mpande,Swimming / Wading,F,22,N
116,2015.12.23,Nov,2015,Invalid,USA,Florida,"Paradise Beach, Melbourne, Brevard County",Surfing,F,9,N
118,2015.11.01.b,Nov,2015,Unprovoked,USA,Florida,"Cocoa Beach, Brevard  County",Wading,F,28,N
125,2015.10.17.c,Oct,2015,Unprovoked,MOZAMBIQUE,Inhambane Province,"Nahaduga, Inhambane Bay",Fishing for shrimp,F,35,Y
129,2015.10.09.b,Oct,2015,Unprovoked,USA,South Carolina,"Shipyard Beach Club, Hilton Head Island, Beaufort County",Boogie boarding,F,9,N
137,2015.09.26,Sep,2015,Unprovoked,AUSTRALIA,Queensland,"Russel Island, Frankland Group",Snorkeling,F,7,N
146,2015.09.06,Sep,2015,Unprovoked,USA,California,"El Pescador Beach, Los Angeles County",Stand-Up Paddleboarding,F,50,N
150,2015.09.01,Sep,2015,Unprovoked,THAILAND,Phuket,Karon Beach,Wading,F,37,N
152,2015.08.29.b,Aug,2015,Unprovoked,USA,California,"Morro Strand State Beach, San Luis Obispo County",Surfing,F,54,N
157,2015.08.19,Aug,2015,Unprovoked,USA,Florida,"Jacksonville Beach, Duval County",Walking,F,10,N
163,2015.07.26.a,Jul,2015,Invalid,USA,South Carolina,"Edisto Beach, Colleton County",Floating,F,35,N
172,2015.07.04.b,Jul,2015,Unprovoked,BAHAMAS,Grand Bahama Island,"Port Lucaya, Freeport",Spearfishing,F,23,N
187,2015.06.24.a,Jun,2015,Invalid,AUSTRALIA,Western Australia,Denmark,Surfing,F,37,N
192,2015.06.14.a,Jun,2015,Unprovoked,USA,North Carolina,"Oak Island, Brunswick County",Wading,F,12,N
194,2015.06.11,Jun,2015,Unprovoked,USA,North Carolina,"Ocean Isle, Brunswick County",Boogie boarding,F,13,N
196,2015.06.05,Jun,2015,Unprovoked,USA,Florida,Fort Lauderdale,Attempting to rescue a shark,F,17,N
198,2015.05.29.b,May,2015,Unprovoked,USA,Florida,"Cocoa Beach, Brevard  County",Standing,F,14,N
199,2015.05.29.a,May,2015,Unprovoked,USA,Florida,"New Smyrna Beach, Volusia County",Wading,F,19,N
201,2015.05.24,May,2015,Unprovoked,USA,Florida,"Cocoa Beach, Brevard  County",Swimming,F,13,N
208,2015.04.29,Apr,2015,Unprovoked,USA,Hawaii,Kanahena Cove ,Snorkeling,F,65,Y
226,2015.02.14,Feb,2015,Unprovoked,REUNION,d��tang-Sal�,Ravine Mula,Swimming,F,22,Y
238,2015.01.06,Jan,2015,Unprovoked,BAHAMAS,Abaco Islands,"Tahiti Beach, Elbow Cay",Snorkeling,F,34,N
258,2014.10.31,Oct,2014,Unprovoked,USA,Hawaii,"North Kohala, Hawaii County",Surfing,F,34,N
264,2014.10.17,Oct,2014,Unprovoked,AUSTRALIA,New South Wales,Avoca Beach,Surfing,F,13,N
265,2014.10.14,Oct,2014,Unprovoked,USA,South Carolina,"Hilton Head Island, Beaufort County",Standing in inner tube,F,7,N
267,2014.10.07,Oct,2014,Unprovoked,USA,Florida,"Cherie Down Park, Brevard County",Fishing,F,40,N
276,2014.09.13.R,Sep,2014,Unprovoked,FRENCH POLYNESIA,Moorea,Tiahura Lagoon,Feeding fish,F,36,N
280,2014.09.03,Sep,2014,Unprovoked,USA,Massachusetts,"Manomet Point, Plymouth, Plymouth County",Kayaking ,F,20,N
283,2014.08.31,Aug,2014,Unprovoked,USA,Florida,"New Smyrna Beach, Volusia County",Body surfing,F,13,N
287,2014.08.27.c,Aug,2014,Unprovoked,SPAIN,Alicante,Benidorm,Swimming,F,30,N
296,2014.08.09,Aug,2014,Unprovoked,USA,Florida,"Lori Wilson Park, Cocoa Beach, Brevard  County",Swimming,F,10,N
299,2014.08.05,Aug,2014,Unprovoked,USA,Florida,"Cocoa Beach, Brevard  County",Swimming,F,45,N
325,2014.06.07,Jun,2014,Unprovoked,USA,Texas,"West Beach, Galveston",Kneeling in the water,F,14,N
326,2014.06.01.c,Jun,2014,Unprovoked,USA,Florida,Fort Lauderdale,Swimming,F,22,N
328,2014.06.01.a,Jun,2014,Unprovoked,USA,Palmyra Atoll,Unknown,Tagging sharks,F,37,N
329,2014.05.27.R,May,2014,Unprovoked,AUSTRALIA,Queensland,Nerang River near Chevron Island,Fell into the water,F,29,N
333,2014.05.15,May,2014,Unprovoked,USA,Florida,"Juan Ponce de Le�n Landing, Melbourne Beach, Brevard County",Body boarding,F,38,N
335,2014.05.13,May,2014,Unprovoked,USA,Florida,"Jacksonville Beach, Duval County",Wading,F,44,N
338,2014.05.06,May,2014,Unprovoked,USA,South Carolina,"Coligny Beach, Hilton Head, Beaufort County",Swimming,F,40,N
341,2014.04.22,Apr,2014,Unprovoked,USA,Florida,"Cocoa Beach, Brevard  County",Swimming,M ,42,N
347,2014.04.03,Apr,2014,Unprovoked,AUSTRALIA,New South Wales,Tathra,Swimming,F,63,Y
355,2014.03.18,Mar,2014,Invalid,AUSTRALIA,New South Wales,Lennox Head,Unknown,F,10,N
375,2013.11.29,Nov,2013,Unprovoked,USA,Hawaii,"Keawekapu Beach, Kihei, Maui",Snorkeling,F,58,N
383,2013.10.28,Oct,2013,Unprovoked,AUSTRALIA,Western Australia,Turquoise Bay,Snorkeling,F,60,N
400,2013.09.12,Sep,2013,Unprovoked,USA,Florida,"New Smyrna Beach,  Volusia County",Surfing,F,13,N
410,2013.08.29,Aug,2013,Invalid,USA,California,Catalina Channel,Marathon swimming,F,47,N
412,2013.08.25.b,Aug,2013,Unprovoked,USA,Florida,"Winterhaven Park,           Ponce Inlet, Volusia County",Boogie boarding,F,11,N
416,2013.08.14,Aug,2013,Unprovoked,USA,Hawaii,"Makenat, Maui",Snorkeling,F,20,Y
417,2013.08.13,Aug,2013,Unprovoked,USA,Hawaii,"Ka'a Point, Maui",Kiteboarding,F,19,N
421,2013.07.31,Jul,2013,Unprovoked,USA,Hawaii,"Ulua Beach, Maui",Snorkeling,F,56,N
428,2013.07.22,Jul,2013,Unprovoked,BRAZIL,Pernambuco,"Boa Viagem Beach, Recife",Swimming,F,18,Y
429,2013.07.19,Jul,2013,Unprovoked,USA,Alabama,"Gulf Shores, Baldwin County",Walking in surf,F,50,N
431,2013.07.15,Jul,2013,Unprovoked,REUNION,Saint-Paul,Le cimeti�re marin,Swimming & snorkeling,F,15,Y
433,2013.07.11,Jul,2013,Unprovoked,USA,North Carolina,Holden Beach. Brunswick County,Wading,F,63,N
445,2013.06.14.R,Jun,2013,Unprovoked,USA,South Carolina,"Myrtle Beach, Horry County",Boogie Boarding,F,10,N
457,2013.04.24,Apr,2013,Unprovoked,MEXICO,Quintana Roo,"Seagull Beach, Cancun",Swimming,F,34,N
504,2012.10.27,Oct,2012,Unprovoked,USA,Hawaii,"Makena Landing, Maui",Swimming,F,51,N
506,2012.10.19,Oct,2012,Unprovoked,USA,Florida,"Seaport, Brevard County",Unknown,F,35,N
510,2012.10.11.R,Oct,2012,Unprovoked,NIGERIA,Delta,Oboro,Bathing,F,38,N
516,2012.09.10,Sep,2012,Unprovoked,TONGA,Vava'u,Eueiki Island,Swimming,F,29,N
523,2012.09.02.b,Sep,2012,Unprovoked,USA,Florida,"New Smyrna Beach, Volusia County",Boogie boarding,F,8,N
525,2012.09.02.a,Sep,2012,Unprovoked,USA,Florida,"New Smyrna Beach, Volusia County",Swimming or boogie boarding,F,56,N
541,2012.07.19,Jul,2012,Invalid,CANADA,British Colombia,"Tofino, Vancouver",Surfing,F,23,N
543,2012.07.08,Jul,2012,Unprovoked,USA,North Carolina,"North Topsail Beach, Onslow County",Swimming,F,43,N
545,2012.07.07.b,Jul,2012,Invalid,AUSTRALIA,Victoria,Ship's Graveyard off Point Lonsdale,Scuba diving,F,42,Y
551,2012.06.26.a,Jun,2012,Unprovoked,USA,Hawaii,"Kahana Beach, Maui",Sitting in the water,F,16,N
556,2012.06.18,Jun,2012,Unprovoked,USA,North Carolina,"Ocean Isle, Brunswick County",Wading,F,6,N
558,2012.06.14.d,Jun,2012,Unprovoked,USA,South Carolina,"Myrtle Beach, Horry County",Swimming,F,18,N
565,2012.06.02.b,Jun,2012,Unprovoked,USA,Florida,"Bethune Beach, Volusia County",Surfing,F,12,N
567,2012.05.31,May,2012,Unprovoked,USA,North Carolina,"Avon, Hatteras Island, Outer Banks, Dare County",Wading,F,33,N
573,2012.05.09,May,2012,Unprovoked,USA,Florida,"Vero Beach, Indian River County",Swimming,F,47,N
574,2012.05.06,May,2012,Unprovoked,USA,California,Off Catalina Island,Paddle boarding,F,15,N
585,2012.03.14.b,Mar,2012,Unprovoked,USA,Florida,"New Smyrna Beach, Volusia County",Surfing,F,15,N
588,2012.03.06.a,Mar,2012,Provoked,AUSTRALIA,Victoria,"Shipwreck Cove, Melbourne Aquarium","Diving, feeding sharks",F,34,N
652,2011.08.28.a,Aug,2011,Unprovoked,USA,Texas,"Grass Island, Aransas County",Wade Fishing,F,39,N
658,2011.08.17.c.,Aug,2011,Unprovoked,USA,North Carolina,"Kure Beach, New Hanover County",Wading,F,20,N
671,2011.07.19,Jul,2011,Unprovoked,USA,North Carolina,"Ocracoke Island, Hyde County",Boogie Boarding,F,6,N
682,2011.06.26,Jun,2011,Unprovoked,USA,North Carolina,"North Topsail Beach, Onslow County",Playing in the surf,F,10,N
694,2011.05.30,May,2011,Unprovoked,USA,Texas,"Follett's Island, Brazoria County",Standing or boogie boardin,F,22,N
716,2011.03.16,Mar,2011,Unprovoked,AUSTRALIA,New South Wales,"Jimmys Beach, Port Stephens",Wakeboarding,F,24,N
727,2011.01.31,Jan,2011,Unprovoked,MEXICO,Quintana Roo,Cancun,Swimming,F,38,N
730,2011.01.20,Jan,2011,Invalid,AUSTRALIA,New South Wales,Cudgen Creek ,Swimming,F,7,N
737,2010.12.05,Dec,2010,Unprovoked,EGYPT,South Sinai Peninsula,"Middle Garden, Sharm el-Shiekh",Snorkeling,F,70,Y
741,2010.11.30.b,Nov,2010,Unprovoked,EGYPT,South Sinai Peninsula,"Coral Bay, Sharm el-Sheikh",Snorkeling,F,70,N
742,2010.11.30.a,Nov,2010,Unprovoked,EGYPT,South Sinai Peninsula,"Coral Bay, Sharm el-Sheikh",Snorkeling,F,48,N
749,2010.10.30,Oct,2010,Unprovoked,AUSTRALIA,Western Australia,Off Garden Island,Snorkeling,F,20,N
776,2010.08.10,Aug,2010,Unprovoked,SOUTH KOREA,Jeju Province,Jeju Island,Swimming,F,16,N
782,2010.08.02.a,Aug,2010,Unprovoked,USA,Florida,"Micklers Landing, St. Johns County",Standing,F,37,N
786,2010.07.17.b,Jul,2010,Unprovoked,USA,North Carolina,"Wrightsville Beach, New Hanover County",Swimming,F,13,N
791,2010.07.04,Jul,2010,Unprovoked,SOUTH AFRICA,KwaZulu-Natal,"Two Mile Reef, Sodwana Bay",Snorkeling,F,21,N
796,2010.06.25.b,Jun,2010,Unprovoked,USA,South Carolina,Fripp Island,Boogie Boarding,F,6,N
797,2010.06.25.a,Jun,2010,Unprovoked,USA,North Carolina,"Topsail Island, Pender County",Swimming,F,13,N
799,2010.06.10,Jun,2010,Unprovoked,USA,Florida,Jacksonville,Boogie Boarding,F,18,N
803,2010.05.18.c,May,2010,Unprovoked,VIETNAM,Binh Dinh Province,Quy Nhon ,Rescuing,F,58,N
804,2010.05.18.b,May,2010,Unprovoked,VIETNAM,Binh Dinh Province,Quy Nhon ,Swimming,F,60,N
807,2010.05.01,May,2010,Unprovoked,USA,Florida,New Smyrna Beach,Wading,F,10,N
816,2010.02.13,Feb,2010,Unprovoked,AUSTRALIA,Queensland,"Dent Island, Whitsundays",Snorkeling,F,60,N
823,2010.02.01,Feb,2010,Provoked,NEW ZEALAND,South Island,Oreti Beach,Boogie Boarding,F,14,N
829,2010.01.09.d,Jan,2010,Unprovoked,AUSTRALIA,Torres Strait,Thursday Island,Snorkeling,F,9,N
850,2009.11.13,Nov,2009,Unprovoked,USA,Florida,"Jupiter, Palm Beach County",Surfing,F,27,N
856,2009.10.28,Oct,2009,Unprovoked,AUSTRALIA,New South Wales,Lennox Heads,Paddle-boarding,F,17,N
859,2009.10.18,Oct,2009,Unprovoked,PANAMA,Bocas,Playa La Caba�a ,Wading,F,10,N
874,2009.08.25,Aug,2009,Unprovoked,USA,California,"Terramar Beach, Carlsbad, San Diego County",Swimming,F,22,N
881,2009.07.29,Jul,2009,Unprovoked,VIETNAM,Binh Dinh Province,Quy Nhon ,Swimming,F,41,N
883,2009.07.24.b,Jul,2009,Unprovoked,USA,Texas,South Padre Island,Wading,F,14,N
884,2009.07.24.a,Jul,2009,Invalid,SPAIN,Catalunya,Sant Salvador,Swimming,F,11,N
885,2009.07.22.b,Jul,2009,Unprovoked,USA,North Carolina,Holden Beach. Brunswick County,Swimming,F,26,N
886,2009.07.22.a,Jul,2009,Unprovoked,USA,Florida,"Intracoastal Waterway,      St. Petersburg",Swimming,F,19,N
891,2009.07.05,Jul,2009,Unprovoked,USA,Florida,"Daytona Beach, Volusia County",Boogie Boarding,F,12,N
892,2009.07.04,Jul,2009,Provoked,USA,Florida,"Biscayne National Park, Miami",Swimming,F,43,N
899,2009.06.01,Jun,2009,Unprovoked,EGYPT,St. Johns Reef,Habili Gafar,Snorkeling,F,50,Y
923,2009.03.18.a,Mar,2009,Unprovoked,USA,Florida,"Ponce Inlet, Volusia County",Surfing,F,17,N
949,2009.01.11.b,Jan,2009,Unprovoked,AUSTRALIA,Tasmania,Binalong Bay,Surfing,F,13,N
994,2008.08.22,Aug,2008,Invalid,USA,North Carolina,"Surf City, Topsail Island, Pender County",Surfing,F,20,N
997,2008.08.16,Aug,2008,Unprovoked,USA,US Virgin Islands,Buck Island,Treading water,F,38,N
998,2008.08.12,Aug,2008,Unprovoked,USA,Florida,"New Smyrna Beach, Volusia County",Wading,F,13,N
1006,2008.07.25.a,Jul,2008,Unprovoked,USA,Hawaii,"Lahilahi Point, Oahu",Snorkeling,F,44,N
1008,2008.07.24.a,Jul,2008,Unprovoked,USA,North Carolina,"Topsail Island, Pender County",Wading,F,8,N
1014,2008.07.09,Jul,2008,Unprovoked,USA,North Carolina,"Emerald Isle, Carteret County",Swimming,F,14,N
1015,2008.07.05,Jul,2008,Unprovoked,USA,South Carolina,"Litchfield Beach, Georgetown County",Unknown,F,17,N
1024,2008.06.21,Jun,2008,Unprovoked,USA,California,"West Cove, Catalina Island",Kayaking,F,40,N
1025,2008.06.20,Jun,2008,Unprovoked,USA,Florida,"Fernandina Beach, Nassau County",Wading,F,35,N
1029,2008.06.01.b,Jun,2008,Unprovoked,USA,South Carolina,Cherry Grove,Body surfing,F,15,N
1067,2008.02.07,Feb,2008,Unprovoked,AUSTRALIA,New South Wales,Horseshoe Bay,Surfing,F,14,N
1092,2007.10.15,Oct,2007,Unprovoked,AUSTRALIA,New South Wales,Byron Bay,Surf-skiing,F,52,N
1098,2007.09.30.a,Sep,2007,Unprovoked,NEW CALEDONIA,Loyalty Islands,"Bay of Luengoni, Lifou Island",Swimming,F,23,Y
1099,2007.09.28,Sep,2007,Unprovoked,BAHAMAS,Grand Bahama Island,Sweetings Cay,Spearfishing,F,48,N
1109,2007.09.08,Sep,2007,Unprovoked,USA,Florida,"Pepper Park Beach, St. Lucie County",Wading,F,58,N
1110,2007.09.05,Sep,2007,Unprovoked,USA,Florida,"Daytona Beach, Volusia County",Wading,F,36,N
1112,2007.09.03.b,Sep,2007,Unprovoked,USA,Florida,"Daytona Beach, Volusia County",Jumping,F,12,N
1124,2007.08.12,Aug,2007,Unprovoked,USA,Florida,"New Smyrna Beach, Volusia County",Swimming,F,15,N
1128,2007.08.07,Aug,2007,Unprovoked,USA,Florida,"Islamorada, Monroe County",Jumped into the water,F,19,N
1137,2007.07.17.b,Jul,2007,Invalid,USA,California,"Faria Beach, Ventura County",Swimming,F,43,N
1138,2007.07.17.a,Jul,2007,Unprovoked,USA,North Carolina,"Atlantic Beach, Carteret County",Wading,F,30,N
1139,2007.07.10,Jul,2007,Unprovoked,BAHAMAS,Abaco Islands,Allan-Pensacola Cay,Spearfishing,F,48,N
1147,2007.06.17,Jun,2007,Invalid,USA,Florida,"Vilano Beach, St.  Johns County",Surfing,F,9,N
1151,2007.05.24,May,2007,Provoked,USA,Virginia,"Virginia Aquarium & Marine Science Center, Virginia Beach ",Reviving a sedated shark,F,40,N
1153,2007.05.16,May,2007,Unprovoked,AUSTRALIA,Western Australia,"Warra Beach, Coral Bay",Wading,F,38,N
1155,2007.05.10,May,2007,Unprovoked,USA,Florida,"New Smyrna Beach, Volusia County",Surfing,F,21,N
1158,2007.05.07.b,May,2007,Unprovoked,USA,Hawaii,"Keawakapu Beach, Maui",Snorkeling,F,63,N
1162,2007.04.26,Apr,2007,Unprovoked,AUSTRALIA,Queensland,"Mornington Island, Gulf of Carpentaria",Swimming / jumping off a jetty,F,13,N
1172,2007.03.20,Mar,2007,Unprovoked,AUSTRALIA,New South Wales,South Golden Beach,Surfing,F,42,N
1174,2007.03.12,Mar,2007,Unprovoked,AUSTRALIA,Queensland,"Moore Park, north of Bundaberg",Swimming,F,59,N
1234,2006.07.13,Jul,2006,Invalid,SPAIN,Alicante,San Juan Beach  ,Swimming,F,7,N
1235,2006.07.12,Jul,2006,Unprovoked,USA,South Carolina,"Kiawah Island, Charleston County",Swimming,F,21,N
1239,2006.07.08.b,Jul,2006,Unprovoked,USA,South Carolina,"Debordieu Beach, Georgetown County",Body boarding,F,14,N
1243,2006.06.27,Jun,2006,Unprovoked,USA,Florida,"Hutchinson Island, St. Lucie County",Body boarding,F,9,N
1246,2006.06.20,Jun,2006,Unprovoked,USA,Florida,"New Smyrna Beach, Volusia County",Surfing,F,22,N
1250,2006.06.07,Jun,2006,Unprovoked,USA,South Carolina,"Coligny Beach, Hilton Head, Beaufort County",Playing,F,7,N
1257,2006.05.19,May,2006,Unprovoked,USA,Guam,Gun Beach,Scuba diving,F,30,N
1259,2006.05.04,May,2006,Unprovoked,USA,Florida,"Hutchinson Island, St. Lucie County",Swimming,F,20,N
1263,2006.04.19,Apr,2006,Unprovoked,USA,Florida,"Daytona Beach, Volusia County",Standing,F,13,N
1270,2006.03.23,Mar,2006,Unprovoked,USA,Hawaii,"Leftovers, near Waimea Bay, O'ahu",Surfing,F,28,N
1274,2006.02.27,Feb,2006,Unprovoked,USA,Hawaii,"Makena, Maui",Standing,F,15,N
1280,2006.02.01.b,Feb,2006,Unprovoked,TONGA,Vava'u,Tu�anuku,Swimming,F,24,Y
1288,2006.01.07,Jan,2006,Unprovoked,AUSTRALIA,Queensland,"Amity Point, North Stradbroke Island",Swimming,F,21,Y
1313,2005.10.19,Oct,2005,Unprovoked,USA,California,"Salmon Beach, Sonoma County",Surfing,F,20,N
1316,2005.10.11,Oct,2005,Unprovoked,GRAND CAYMAN,East Wall,Jack McKenney's Canyon,Scuba diving,F,57,N
1324,2005.09.20,Sep,2005,Unprovoked,USA,South Carolina,"Myrtle Beach, Horry County",Body surfing,F,68,N
1327,2005.09.05,Sep,2005,Unprovoked,USA,North Carolina,"North Topsail Beach, Onslow County",Wading,F,18,N
1340,2005.07.27,Jul,2005,Unprovoked,USA,Florida,"Off Zelda Boulevard, Daytona Beach, Volusia Countyy",Wading,F,13,N
1347,2005.07.13,Jul,2005,Unprovoked,USA,Texas,"Port Bolivar, Galveston County",Holding onto an inflatable boat,F,14,N
1350,2005.06.25,Jun,2005,Unprovoked,USA,Florida,"Destin, Walton County",Swimming with boogie board,F,14,Y
1351,2005.06.22,Jun,2005,Unprovoked,VANUATU,Malampa Province,Atchin Island off Malakula,Swimming,F,7,Y
1355,2005.06.13,Jun,2005,Unprovoked,SOUTH KOREA,South Ch'ungch'ong Province,Dando/Kaeui Island ,Diving,F,38,N
1356,2005.06.07,Jun,2005,Unprovoked,USA,South Carolina,"Kiawah Island, Charleston County",Boogie boarding,F,11,N
1372,2005.04.13,Apr,2005,Unprovoked,USA,Florida,"Crescent Beach, Sarasota County",Wading,F,70,N
1394,2004.12.26,Dec,2004,Invalid,SRI LANKA,Eastern Province,Pasikudha,"Swept out to sea by the tsunami, she clung  to a log for 24 hours",F,11,N
1399,2004.11.15,Nov,2004,Unprovoked,SOUTH AFRICA,Western Cape Province,"Fish Hoek, False Bay",Swimming,F,77,Y
1417,2004.09.04,Sep,2004,Unprovoked,USA,South Carolina ,"North of Apache Pier, Myrtle Beach, Horry County",Jumping,F,17,N
1418,2004.08.29,Aug,2004,Unprovoked,USA,Florida,"New Smyrna Beach / Cape Canaveral  National Seashore, Brevard County",Walking,F,38,N
1425,2004.07.31,Jul,2004,Unprovoked,USA,Florida,"Cocoa  Beach, Brevard County",Surfing,F,20,N
1427,2004.07.28,Jul,2004,Unprovoked,USA,North Carolina,"Rodanthe, Dare County",Surfing,F,28,N
1428,2004.07.27.b,Jul,2004,Unprovoked,USA,North Carolina,"Carolina Beach, New Hanover County",Swimming,F,13,N
1429,2004.07.27.a,Jul,2004,Unprovoked,USA,Texas,Galveston Island,Swimming,F,19,N
1447,2004.05.22.b,May,2004,Unprovoked,USA,Florida,"Jacksonville Beach, Duval County",Unknown,F,9,N
1448,2004.05.22.a,May,2004,Unprovoked,BRAZIL,Pernambuco,"Piedade Beach, Recife",Wading,F,24,N
1458,2004.04.04,Apr,2004,Invalid,USA,Hawaii,Velzyland,Surfing,F,22,Y
1494,2003.11.22,Nov,2003,Unprovoked,USA,Florida,"Daytona Beach, Volusia County",Surfing,F,35,N
1503,2003.10.31.a,Oct,2003,Unprovoked,USA,Hawaii,"Tunnels surf break off Makua Beach, Kaua'i",Surfing,F,13,N
1512,2003.10.05.a,Oct,2003,Unprovoked,USA,Hawaii,"Cove Beach / Kalama Beach, Kihei, Maui",Wading near a fishing net,F,41,N
1526,2003.08.19,Aug,2003,Unprovoked,USA,California,"Avila Beach, San Luis Obispo County","Swimming, wearing black wetsuit & swim fins",F,50,Y
1531,2003.07.15,Jul,2003,Unprovoked,USA,Florida,"Daytona Beach, Volusia County",Wading,F,15,N
1542,2003.06.24.b,Jun,2003,Unprovoked,USA,Florida,"Cocoa Beach, Brevard County",Standing,F,12,N
1552,2003.05.03,May,2003,Unprovoked,USA,Florida,"Daytona Beach Shores, Volusia County",Walking,F,9,N
1578,2002.12.29,Dec,2002,Unprovoked,AUSTRALIA,Queensland,Great Barrier Reef  (near Upolu Bay),Snorkeling,F,18,N
1586,2002.11.17,Nov,2002,Unprovoked,USA,Hawaii,Ka'anapali,Swimming,F,34,N
1587,2002.11.14,Nov,2002,Unprovoked,TURKS & CAICOS,Caicos Bank,French Cay,Snorkeling,F,41,N
1591,2002.10.30,Oct,2002,Unprovoked,USA,Hawaii,"Kama'ole Beach Park I, Kihei, Maui",Swimming,F,60,N
1610,2002.08.17,Aug,2002,Unprovoked,USA,Alabama,"Gulf of Mexico, 65 miles offshore from Mobile",Swimming,F,29,N
1617,2002.07.20,Jul,2002,Unprovoked,USA,North Carolina,"Emerald Isle, Carteret County",Swimming,F,15,N
1621,2002.07.04,Jul,2002,Unprovoked,USA,North Carolina,"Wrightsville Beach, New Hanover County",Standing,F,9,N
1623,2002.06.20.a,Jun,2002,Unprovoked,USA,Florida,"New Smyrna Beach, Volusia County",Swimming,F,11,N
1650,2002.03.25.a,Mar,2002,Unprovoked,USA,Florida,"Cocoa Beach, Brevard County",Wading,F,11,N
1671,2001.10.02,Oct,2001,Unprovoked,AUSTRALIA,Queensland,200 miles offshore,Snorkeling,F,20,N
1684,2001.09.03.a,Sep,2001,Unprovoked,USA,North Carolina,"Avon, Hatteras Island, Outer Banks, Dare County",Swimming,F,23,N
1688,2001.08.29,Aug,2001,Unprovoked,USA,Florida,"Coquina Beach, Anna Maria Island, Manatee County",Standing,F,29,N
1695,2001.08.19.b,Aug,2001,Unprovoked,USA,Florida,"New Smyrna Beach, Volusia County",Surfing,F,17,N
1696,2001.08.19.a,Aug,2001,Unprovoked,USA,Florida,"Wilbur-by-the-Sea, Volusia County",Surfing,F,17,N
1718,2001.06.03,Jun,2001,Unprovoked,USA,South Carolina,"Off 21st Avenue, Isle of Palms, Charleston County",Wading,F,29,N
1754,2001.01.24,Jan,2001,Unprovoked,CUBA,Holquin Province,Off Blau Costa Verde resort,Swimming,F,55,N
1767,2000.11.10,Nov,2000,Invalid,USA,Florida,"Vaughn Beach, Flagler County",Walking,F,27,N
1773,2000.10.18,Oct,2000,Unprovoked,USA,Hawaii,Olowalu,Swimming / snorkeling,F,56,N
1786,2000.09.12,Sep,2000,Unprovoked,USA,Florida,"Sebastian Inlet, Indian River or Brevard County",Surfing,F,26,N
1800,2000.08.12,Aug,2000,Unprovoked,USA,Florida,"St. Augustine, St. Johns County",Standing,F,44,N
1805,2000.07.22,Jul,2000,Unprovoked,USA,Florida,"Big Pine Key, Monroe County ",Snorkeling,F,45,N
1815,2000.07.06,Jul,2000,Unprovoked,USA,North Carolina,"Pine Island, Corolla, Currituck County",Playing,F,12,N
1816,2000.07.04.b,Jul,2000,Unprovoked,USA,Florida,"Daytona Beach, Volusia County",Wading,F,20,N
1817,2000.07.04.a,Jul,2000,Unprovoked,USA,Florida,"Artifical reef 3 miles off Manatee Beach, Manatee County","Spearfishing, holding mesh bag with speared fish",F,55,N
1818,2000.07.02.b,Jul,2000,Unprovoked,USA,Florida,"Smyrna Dunes  Park, New Smyrna Beach, Volusia County",Wading,F,13,N
1819,2000.07.02.a,Jul,2000,Unprovoked,USA,Florida,"Smyrna Dunes Park, New Smyrna Beach, Volusia County",Standing,F,19,N
1838,2000.03.26,Mar,2000,Unprovoked,USA,Florida,"Juno Beach, Palm Beach County",Boogie boarding,F,14,N
