,_id,category_code,deadpooled_year,founded_year,lat,lng,name,number_of_employees,oficina,tag_list,total_money_raised
0,5d245689f82093f85a6efaab,web,,2011.0,37.09024,-95.712891,Mokitown,,"{'type': 'Point', 'coordinates': [-95.712891, 37.09024]}","mokitown, virtualworld, crunchbase",
1,5d245689f82093f85a6efb8e,search,,2012.0,40.757929,-73.985506,PeekYou,20.0,"{'type': 'Point', 'coordinates': [-73.985506, 40.757929]}","social-crm, database, peekyou, peoplesearch, engine, people, search, directory, social, google",1830000.0
2,5d245689f82093f85a6efb9e,mobile,,2010.0,33.8171,-111.9035,GENWI,25.0,"{'type': 'Point', 'coordinates': [-111.9035, 33.8171]}","mcms, mobile-content-management-system, live-and-engaging-apps, cloud-publishing, design-freely, revise-in-real-time, go-mobile-quickly",7100000.0
3,5d245689f82093f85a6efba5,web,,2012.0,52.5013449,13.4109071,headr,8.0,"{'type': 'Point', 'coordinates': [13.4109071, 52.5013449]}",,
4,5d245689f82093f85a6efbdd,web,,2013.0,37.566879,-122.323895,Fixya,30.0,"{'type': 'Point', 'coordinates': [-122.323895, 37.566879]}","fixya, crowdsourcing, diy, repair, customer-service",8000000.0
5,5d245689f82093f85a6efc1a,games_video,,2009.0,53.707739,10.023246,alluc,7.0,"{'type': 'Point', 'coordinates': [10.023246, 53.707739]}","video, piracy, videodatabase",
6,5d245689f82093f85a6efc91,enterprise,2012.0,2010.0,45.5049305,-73.5681635,Needium,15.0,"{'type': 'Point', 'coordinates': [-73.5681635, 45.5049305]}","local, search, blogs, social-media, social-networks, activity-streams, feeds",1000000.0
7,5d245689f82093f85a6efd81,other,,2012.0,37.798853,-122.398599,Widgetbox,30.0,"{'type': 'Point', 'coordinates': [-122.398599, 37.798853]}","widget, widgets, sharing, widget-advertising, widget-tracking",14500000.0
8,5d245689f82093f85a6efd85,ecommerce,,2011.0,34.047312,-118.445243,RazorGator,,"{'type': 'Point', 'coordinates': [-118.445243, 34.047312]}","ticketreselling, onlineauctions, onlineexchanges, tickets",58800000.0
9,5d245689f82093f85a6efe43,advertising,2009.0,2013.0,43.646599,-79.403014,Advaliant,60.0,"{'type': 'Point', 'coordinates': [-79.403014, 43.646599]}","internet, advertising, marketing, affiliate-network, affiliate-marketing, performance-marketing, search, email-banner, ad-network",100000.0
10,5d245689f82093f85a6efe44,advertising,2009.0,2013.0,40.743662,-73.984268,Advaliant,60.0,"{'type': 'Point', 'coordinates': [-73.984268, 40.743662]}","internet, advertising, marketing, affiliate-network, affiliate-marketing, performance-marketing, search, email-banner, ad-network",100000.0
11,5d245689f82093f85a6efe47,advertising,2009.0,2013.0,40.743662,-73.984268,Advaliant,60.0,"{'type': 'Point', 'coordinates': [-73.984268, 40.743662]}","internet, advertising, marketing, affiliate-network, affiliate-marketing, performance-marketing, search, email-banner, ad-network",100000.0
12,5d245689f82093f85a6efe6e,hospitality,,2013.0,37.454701,-122.1853756,Fluc,3.0,"{'type': 'Point', 'coordinates': [-122.1853756, 37.454701]}",consumer-web,
13,5d245689f82093f85a6efe7a,games_video,,2011.0,37.446823,-122.161523,Social Gaming Network,100.0,"{'type': 'Point', 'coordinates': [-122.161523, 37.446823]}","social, gaming, sgn",17100000.0
14,5d245689f82093f85a6efe80,games_video,,2011.0,34.0698494,-118.4054182,Social Gaming Network,100.0,"{'type': 'Point', 'coordinates': [-118.4054182, 34.0698494]}","social, gaming, sgn",17100000.0
15,5d245689f82093f85a6efe97,analytics,,2010.0,37.7766587,-122.395875,YouNoodle,18.0,"{'type': 'Point', 'coordinates': [-122.395875, 37.7766587]}",,
16,5d245689f82093f85a6effd3,games_video,,2009.0,42.091078,-88.288749,Crootpad,2.0,"{'type': 'Point', 'coordinates': [-88.288749, 42.091078]}","social-networking, recruiters, split-deal, social, networking, game, layoff, layoff-survival, job-serch, interview, career, risk-managment",
17,5d245689f82093f85a6efffc,mobile,,2012.0,37.5645375,-122.3254705,Skydeck,9.0,"{'type': 'Point', 'coordinates': [-122.3254705, 37.5645375]}","photo-sharing, photography, messaging, mobile, android, social-networking",4000000.0
18,5d245689f82093f85a6f0014,enterprise,,2009.0,37.789349,-122.412893,Ninite,2.0,"{'type': 'Point', 'coordinates': [-122.412893, 37.789349]}","virus, security, virtualization",
19,5d245689f82093f85a6f0053,games_video,,2009.0,37.772323,-122.214897,Handipoints,,"{'type': 'Point', 'coordinates': [-122.214897, 37.772323]}",,800000.0
20,5d245689f82093f85a6f0068,mobile,2013.0,2011.0,32.0554,34.7595,Moblica,,"{'type': 'Point', 'coordinates': [34.7595, 32.0554]}",,6000000.0
21,5d245689f82093f85a6f00a9,ecommerce,,2010.0,34.052187,-118.243425,Magento,275.0,"{'type': 'Point', 'coordinates': [-118.243425, 34.052187]}","opensource, e-commerce, ecommerce, magento, open-source, php, mysql, online-commerce, shopping-cart, shopping-carts, ecommerce-stores",22500000.0
22,5d245689f82093f85a6f0259,software,,2009.0,37.7896292,-122.3998782,Macroaxis,8.0,"{'type': 'Point', 'coordinates': [-122.3998782, 37.7896292]}","optimal-portfolio, wealth-management, asset-allocation, investing, modern-portfolio-theory, market-browser, efficient-frontier, etf-browser, fund-browser",
23,5d245689f82093f85a6f02e8,mobile,,2012.0,-37.817748,144.962991,Jumbuck Entertainment,,"{'type': 'Point', 'coordinates': [144.962991, -37.817748]}","community-messaging, wireless-communities, mobile-chat",
24,5d245689f82093f85a6f0302,web,,2010.0,51.51819,-0.208979,Pixsta,,"{'type': 'Point', 'coordinates': [-0.208979, 51.51819]}",,3753974.0
25,5d245689f82093f85a6f0345,web,2012.0,2009.0,37.754332,-122.416804,Supercool School,3.0,"{'type': 'Point', 'coordinates': [-122.416804, 37.754332]}","interactive-learning, web-based-schooling, web-classes",100000.0
26,5d245689f82093f85a6f036a,search,,2011.0,34.052187,-118.243425,FirstString,,"{'type': 'Point', 'coordinates': [-118.243425, 34.052187]}","firststring, high-school-sports, high-school-athletes, football, soccer, volleyball, cheerleading, cross-country, track, swimming, basketball, wrestling, softball, water-polo, lacrosse, golf, high-school",200000.0
27,5d245689f82093f85a6f0395,games_video,,2011.0,37.760524,-122.387799,Fuzz,6.0,"{'type': 'Point', 'coordinates': [-122.387799, 37.760524]}","music, promotion, artists",
28,5d245689f82093f85a6f0573,web,,2009.0,42.275263,-71.24762,BrandYourself,22.0,"{'type': 'Point', 'coordinates': [-71.24762, 42.275263]}","brand, yourself, entrepreneur, personal, professional, branding, online, presence, image, jobs, hiring, employer",1500000.0
29,5d245689f82093f85a6f05a1,web,,2010.0,40.650291,-74.294395,CollegeConvo,2.0,"{'type': 'Point', 'coordinates': [-74.294395, 40.650291]}","college, college-life-online, college-life, college-forums, college-news, news, college-weather, college-sports-news, ncaa-news, online-social-networking, college-conversation, campus-forums, college-discussion, campus",
30,5d245689f82093f85a6f05f9,software,,2012.0,38.989124,-77.026676,Carfeine,5.0,"{'type': 'Point', 'coordinates': [-77.026676, 38.989124]}","retargeting, adaptive-retargeting, marketing-platform, programmatic-ad-buying, real-time-bidding, saas, auto-dealer",
31,5d245689f82093f85a6f0609,web,,2011.0,37.4440981,-122.1612868,Ziippi,6.0,"{'type': 'Point', 'coordinates': [-122.1612868, 37.4440981]}","data, parents, product-information, recall-information",
32,5d245689f82093f85a6f060e,games_video,,2009.0,37.412069,-121.900366,Vusion,,"{'type': 'Point', 'coordinates': [-121.900366, 37.412069]}","video, streaming, high-definition",
33,5d245689f82093f85a6f0615,games_video,,2010.0,53.544711,-113.515769,Titan Gaming,18.0,"{'type': 'Point', 'coordinates': [-113.515769, 53.544711]}","web-platform, gaming, social-network, games",1000000.0
34,5d245689f82093f85a6f069c,software,,2009.0,37.78424,-122.274771,BitRock,20.0,"{'type': 'Point', 'coordinates': [-122.274771, 37.78424]}","open-source, isv, software, network-service",
35,5d245689f82093f85a6f070b,games_video,,2011.0,49.263588,-123.138565,Pixelmatic,10.0,"{'type': 'Point', 'coordinates': [-123.138565, 49.263588]}","apple-ios, android, skill-games, games, casual-games, casual-core, true-social, social-games, messaging-app-games, wechat",
36,5d245689f82093f85a6f0761,analytics,,2013.0,44.859587,-93.226503,Gimigo,4.0,"{'type': 'Point', 'coordinates': [-93.226503, 44.859587]}","gimigo, contact-information, personal-information, contacts, personal, relationships, current, update, updated, up-to-date, real-time, live, address-book, database, phone, customer-relationship-management, crm, relationship-management, engagement",
37,5d245689f82093f85a6f0767,software,,2010.0,41.857204,-87.623923,JumpForward,30.0,"{'type': 'Point', 'coordinates': [-87.623923, 41.857204]}","college-recruiting, recruiting, sports, compliance, football, basketball",
38,5d245689f82093f85a6f080d,software,,2010.0,34.15761,-118.424058,OTOY,,"{'type': 'Point', 'coordinates': [-118.424058, 34.15761]}",,
39,5d245689f82093f85a6f087a,social,,2011.0,30.26955,-81.564709,N-Play,25.0,"{'type': 'Point', 'coordinates': [-81.564709, 30.26955]}","real-estate, home-buyers",
40,5d245689f82093f85a6f08dd,advertising,,2013.0,41.886264,-87.624701,SEOGroup,3.0,"{'type': 'Point', 'coordinates': [-87.624701, 41.886264]}","seo, chicago, search-engine-optimization",
41,5d245689f82093f85a6f0934,enterprise,,2011.0,37.7763989,-122.4177157,Advisor,28.0,"{'type': 'Point', 'coordinates': [-122.4177157, 37.7763989]}","enterprise, accounting, hr, payroll, services, tax, business-services",
42,5d245689f82093f85a6f098f,software,,2009.0,47.490346,19.059078,Prezi,110.0,"{'type': 'Point', 'coordinates': [19.059078, 47.490346]}","zooming-user-interface, flex, flash, presentation, presentation-tool, presentation-editor",14300000.0
43,5d245689f82093f85a6f0a04,web,,2009.0,54.703145,-1.574948,CompareAway,5.0,"{'type': 'Point', 'coordinates': [-1.574948, 54.703145]}","holiday-villas, holiday-accommodation, holiday-home-rentals, holiday-property",625662.0
44,5d245689f82093f85a6f0a2a,travel,,2009.0,47.3912899,8.5082891,GetYourGuide,75.0,"{'type': 'Point', 'coordinates': [8.5082891, 47.3912899]}","online-travel, web-2-0, tour-guide, travel, travelers, tours, marketplace, eth-zurich",16000000.0
45,5d245689f82093f85a6f0aa0,software,,2010.0,40.7481039,-74.0353787,Integrate,120.0,"{'type': 'Point', 'coordinates': [-74.0353787, 40.7481039]}","marketing-technology, marketing-software, media-services, performance-marketing, cross-channel-marketing",34800000.0
46,5d245689f82093f85a6f0acd,mobile,,2010.0,37.424614,-122.145153,vufind,7.0,"{'type': 'Point', 'coordinates': [-122.145153, 37.424614]}","interest-graph, personalized-commerce, ecommerce, mcommerce, image-commerce, visual-analytics, predictive-analytics, personalization, behavioral-targeting, contextual-targeting, social-analytics, audience-analytics, big-data, computer-vision, ai",930000.0
47,5d245689f82093f85a6f0ad8,travel,,2011.0,21.303049,-157.78907,travelmob,4.0,"{'type': 'Point', 'coordinates': [-157.78907, 21.303049]}","travel, collaborative-consumption, social-stay, apac, asia, alternative-accommodation, vacation-rentals, short-term-rentals, accommodation, villas, apartments, private-rooms, holiday-homes, unique-holiday",1000000.0
48,5d245689f82093f85a6f0ade,photo_video,,2012.0,33.989029,-118.462421,Non-Member Films,,"{'type': 'Point', 'coordinates': [-118.462421, 33.989029]}","non-member-films, zeke-anders, mary-westcott, independent-production-company, filmmaking, narratives, shorts, experimental, artistic",
49,5d245689f82093f85a6f0ae0,photo_video,,2012.0,42.330165,-83.045913,Non-Member Films,,"{'type': 'Point', 'coordinates': [-83.045913, 42.330165]}","non-member-films, zeke-anders, mary-westcott, independent-production-company, filmmaking, narratives, shorts, experimental, artistic",
50,5d245689f82093f85a6f0af7,travel,,2010.0,39.749671,-104.9998449,UsingMiles,15.0,"{'type': 'Point', 'coordinates': [-104.9998449, 39.749671]}","frequent-flyer, frequent-flier, loyalty-program, award-program, reward-program, airline, hotel, airline-ticket, award-seat, jon-nordmark, krista-paul, isherpa, techstars, techstars-boulder-2008",3270000.0
51,5d245689f82093f85a6f0b57,advertising,,2009.0,59.337864,18.036587,Burt,30.0,"{'type': 'Point', 'coordinates': [18.036587, 59.337864]}","techcrunch50, tc50, advertising, reactive-advertising, creativity, copybox, semantic, agency, rich, demo",3500000.0
52,5d245689f82093f85a6f0bf3,advertising,,2009.0,27.913011,-82.702449,Inuvo,50.0,"{'type': 'Point', 'coordinates': [-82.702449, 27.913011]}","affiliate-marketing, search, click-fraud-technology, online-advertising, cpa-advertising, ppc-advertising, ad-network, ad-plaform, technology",4200000.0
53,5d245689f82093f85a6f0bf7,games_video,,2011.0,40.714056,-73.957854,Kidos,,"{'type': 'Point', 'coordinates': [-73.957854, 40.714056]}","kids, learning, games, operating, system",200000.0
54,5d245689f82093f85a6f0bfa,games_video,,2011.0,40.768058,-73.956599,Kidos,,"{'type': 'Point', 'coordinates': [-73.956599, 40.768058]}","kids, learning, games, operating, system",200000.0
55,5d245689f82093f85a6f0c7e,software,,2010.0,40.7481039,-74.0353787,Integrate,120.0,"{'type': 'Point', 'coordinates': [-74.0353787, 40.7481039]}","marketing-technology, marketing-software, media-services, performance-marketing, cross-channel-marketing",34800000.0
56,5d245689f82093f85a6f0c98,mobile,,2010.0,37.424614,-122.145153,vufind,7.0,"{'type': 'Point', 'coordinates': [-122.145153, 37.424614]}","interest-graph, personalized-commerce, ecommerce, mcommerce, image-commerce, visual-analytics, predictive-analytics, personalization, behavioral-targeting, contextual-targeting, social-analytics, audience-analytics, big-data, computer-vision, ai",930000.0
57,5d245689f82093f85a6f0cb4,travel,,2011.0,21.303049,-157.78907,travelmob,4.0,"{'type': 'Point', 'coordinates': [-157.78907, 21.303049]}","travel, collaborative-consumption, social-stay, apac, asia, alternative-accommodation, vacation-rentals, short-term-rentals, accommodation, villas, apartments, private-rooms, holiday-homes, unique-holiday",1000000.0
58,5d245689f82093f85a6f0cc4,photo_video,,2012.0,33.989029,-118.462421,Non-Member Films,,"{'type': 'Point', 'coordinates': [-118.462421, 33.989029]}","non-member-films, zeke-anders, mary-westcott, independent-production-company, filmmaking, narratives, shorts, experimental, artistic",
59,5d245689f82093f85a6f0cd0,photo_video,,2012.0,42.330165,-83.045913,Non-Member Films,,"{'type': 'Point', 'coordinates': [-83.045913, 42.330165]}","non-member-films, zeke-anders, mary-westcott, independent-production-company, filmmaking, narratives, shorts, experimental, artistic",
60,5d245689f82093f85a6f0cd4,travel,,2010.0,39.749671,-104.9998449,UsingMiles,15.0,"{'type': 'Point', 'coordinates': [-104.9998449, 39.749671]}","frequent-flyer, frequent-flier, loyalty-program, award-program, reward-program, airline, hotel, airline-ticket, award-seat, jon-nordmark, krista-paul, isherpa, techstars, techstars-boulder-2008",3270000.0
61,5d245689f82093f85a6f0d33,advertising,,2009.0,59.337864,18.036587,Burt,30.0,"{'type': 'Point', 'coordinates': [18.036587, 59.337864]}","techcrunch50, tc50, advertising, reactive-advertising, creativity, copybox, semantic, agency, rich, demo",3500000.0
62,5d245689f82093f85a6f0dd2,games_video,,2011.0,40.768058,-73.956599,Kidos,,"{'type': 'Point', 'coordinates': [-73.956599, 40.768058]}","kids, learning, games, operating, system",200000.0
63,5d245689f82093f85a6f0dd5,games_video,,2011.0,40.714056,-73.957854,Kidos,,"{'type': 'Point', 'coordinates': [-73.957854, 40.714056]}","kids, learning, games, operating, system",200000.0
64,5d245689f82093f85a6f0de5,advertising,,2009.0,27.913011,-82.702449,Inuvo,50.0,"{'type': 'Point', 'coordinates': [-82.702449, 27.913011]}","affiliate-marketing, search, click-fraud-technology, online-advertising, cpa-advertising, ppc-advertising, ad-network, ad-plaform, technology",4200000.0
65,5d245689f82093f85a6f0e3b,web,,2009.0,37.871087,-122.270913,Magoosh,13.0,"{'type': 'Point', 'coordinates': [-122.270913, 37.871087]}","learning, test-prep, test-preparation, gmat, education, standardized-testing",
66,5d245689f82093f85a6f0ed6,games_video,,2010.0,49.2871668,-123.1169693,Equedia,,"{'type': 'Point', 'coordinates': [-123.1169693, 49.2871668]}","social-network, investment, stock-trading, tag-and-deliver, video-presentation, video-upload, analysts, business-media, connect",
67,5d245689f82093f85a6f0ee5,software,,2012.0,52.126616,5.038078,Navara,80.0,"{'type': 'Point', 'coordinates': [5.038078, 52.126616]}","mobile-work-order, mobile-field-workers, mobile-extention, mobile-software-application, mobile-software-solutions, mobility, software-development, mobile-asset-management",
68,5d245689f82093f85a6f0fc9,advertising,,2010.0,25.655899,-80.424167,Webmoblink,7.0,"{'type': 'Point', 'coordinates': [-80.424167, 25.655899]}","mobile--advertising, web--advertising, ad--serving, targeting--advertising, monetize--web--traffic, monetize--mobile--traffic, buy--mobile--ads, sell--mobile--ads, buy--web--ads, sell--web--ads, build--a--mobile--site, mobile-marketing, landing--page--cre",
69,5d245689f82093f85a6f0fcf,games_video,2013.0,2009.0,42.2802675,-83.7420579,Mybandstock,19.0,"{'type': 'Point', 'coordinates': [-83.7420579, 42.2802675]}",,
70,5d245689f82093f85a6f1018,web,,2009.0,39.9052263,-86.0547016,Formspring,19.0,"{'type': 'Point', 'coordinates': [-86.0547016, 39.9052263]}","self-expression, micro-blogging, social-network, b2c, forms, saas, on-demand-software",14300000.0
71,5d245689f82093f85a6f104e,advertising,,2009.0,37.55909,-122.321836,isocket,,"{'type': 'Point', 'coordinates': [-122.321836, 37.55909]}","advertising, platform, marketing, api, online-ads, offline-ads, ad, market, paas",10100000.0
72,5d245689f82093f85a6f1091,web,,2009.0,48.8785618,2.3603689,Stupeflix,15.0,"{'type': 'Point', 'coordinates': [2.3603689, 48.8785618]}","video, creation, api, cloud, photo, music, seedcamp, seedcamp-2008",
73,5d245689f82093f85a6f109d,games_video,2011.0,2009.0,46.8081938,-71.2373393,Star Fever Agency,5.0,"{'type': 'Point', 'coordinates': [-71.2373393, 46.8081938]}","casual-games, mmos-browser, virtual-worlds",550000.0
74,5d245689f82093f85a6f10f5,web,,2010.0,40.744618,-73.987764,Yipit,23.0,"{'type': 'Point', 'coordinates': [-73.987764, 40.744618]}","new-york, nyc, sales, deals, shopping, dining, recommendation, algorithm, prediction, recommendation-engine",7550000.0
75,5d245689f82093f85a6f1153,education,,2009.0,43.068006,-89.39256,StudyBlue,18.0,"{'type': 'Point', 'coordinates': [-89.39256, 43.068006]}","education, study-tool, flashcards, notes, sharing, academic-network",18500000.0
76,5d245689f82093f85a6f116e,web,,2010.0,51.9630088,7.6267552,fruux,,"{'type': 'Point', 'coordinates': [7.6267552, 51.9630088]}","sync, synchronize, contacts, calendars, events, tasks, adressbook, ios, carddav, caldav",
77,5d245689f82093f85a6f11cd,security,,2011.0,45.3485325,-75.9204125,Cyphercor,3.0,"{'type': 'Point', 'coordinates': [-75.9204125, 45.3485325]}","logintc, online-fraud, identity-theft, billing, authentication, identity-management, 2fa",
78,5d245689f82093f85a6f11ef,web,,2013.0,53.4837067,-2.2439492,Clowdy,11.0,"{'type': 'Point', 'coordinates': [-2.2439492, 53.4837067]}","video, music, photos, software, podcasts, artists, filmmakers, film, bands, labels, studios, sounds, audio-sharing, video-sharing, sharing, discover, creative-content, launch, create",
79,5d245689f82093f85a6f124b,web,,2009.0,37.870457,-122.268354,Carsala,8.0,"{'type': 'Point', 'coordinates': [-122.268354, 37.870457]}",cars,
80,5d245689f82093f85a6f1265,social,,2009.0,46.2121463,6.1503245,HyperWeek,5.0,"{'type': 'Point', 'coordinates': [6.1503245, 46.2121463]}","groups, socialnews, socialmedia, widgets",1310000.0
81,5d245689f82093f85a6f1271,other,,2009.0,30.269967,-97.740833,LaunchPad Coworking,6.0,"{'type': 'Point', 'coordinates': [-97.740833, 30.269967]}","coworking, meeting-room-rental, cafe, wifi, temporary-office-space",
82,5d245689f82093f85a6f129e,enterprise,,2011.0,41.4778641,-72.8190106,Queralt,7.0,"{'type': 'Point', 'coordinates': [-72.8190106, 41.4778641]}","rfid, gps, independent-elder-care, security, location-based-assurance, xcaml, contextual, fine-grain-authorization, pacs, lacs, mobile, tracking, passive, close-loop, consigment, inventory, people, people-tracking, identity-management, logical-and-physica",650000.0
83,5d245689f82093f85a6f1361,enterprise,,2010.0,42.4851017,-71.2089211,FeedHenry,30.0,"{'type': 'Point', 'coordinates': [-71.2089211, 42.4851017]}","ireland, mobile-application-platform, open-standards, software-as-a-service, html5, hybrid-apps, native-app-development, cloud, app-development, enterprise-apps, platform-as-a-service, paas, mobile-backend-as-a-service, baas, telecom-operators, white-labe",9000000.0
84,5d245689f82093f85a6f1391,network_hosting,,2009.0,61.216583,-149.899597,Social1000,1.0,"{'type': 'Point', 'coordinates': [-149.899597, 61.216583]}","social-network, elite, niche",
85,5d245689f82093f85a6f13b1,software,,2011.0,40.7645772,-73.9799007,Unison Technologies,30.0,"{'type': 'Point', 'coordinates': [-73.9799007, 40.7645772]}","unified-communications, messaging, e-mail, telephony",
86,5d245689f82093f85a6f13bf,security,,2011.0,44.867343,-72.114442,NetCitadel,25.0,"{'type': 'Point', 'coordinates': [-72.114442, 44.867343]}","security-orchestration, intelligent-network-security, threat-management, intelligent-threat-management, threat-response, incident-response, network-security-siem, malware-response, malware, fireeye, arcsight, qradar",
87,5d245689f82093f85a6f13c0,web,2011.0,2009.0,40.756054,-73.986951,Livekick,4.0,"{'type': 'Point', 'coordinates': [-73.986951, 40.756054]}",,
88,5d245689f82093f85a6f13c5,enterprise,,2009.0,48.8566667,2.3509871,Jolicloud,,"{'type': 'Point', 'coordinates': [2.3509871, 48.8566667]}","cloud, desktop, html5, webapp",4200000.0
89,5d245689f82093f85a6f13dd,games_video,,2010.0,41.4241228,2.1634249,Tengaged,1.0,"{'type': 'Point', 'coordinates': [2.1634249, 41.4241228]}","social-game, nominations, challenges, evictions",15000.0
90,5d245689f82093f85a6f143c,software,,2010.0,26.2480738,-80.135487,Reachoo,3.0,"{'type': 'Point', 'coordinates': [-80.135487, 26.2480738]}","free-video-classifieds, free-video-advertisements, free-video-dating-service, free-video-resumes, free-job-search, community-and-services, entertainment-and-dining-out, real-estate-for-sale",
91,5d245689f82093f85a6f1468,games_video,,2010.0,37.8053241,-122.4052761,Indee,3.0,"{'type': 'Point', 'coordinates': [-122.4052761, 37.8053241]}",,
92,5d245689f82093f85a6f14b1,other,,2012.0,42.166398,-70.884948,LoveAccess,,"{'type': 'Point', 'coordinates': [-70.884948, 42.166398]}","dating, online-dating",
93,5d245689f82093f85a6f155f,web,,2009.0,40.5889016,-73.9447994,Do You Wanna Hook Up?,3.0,"{'type': 'Point', 'coordinates': [-73.9447994, 40.5889016]}","dating, hook-up, hook, up, relationships, relationship, fling, facebook, facebook-connect, application, love, sex, intimate",
94,5d245689f82093f85a6f1561,web,,2009.0,50.841938,-1.7884785,GymFu,3.0,"{'type': 'Point', 'coordinates': [-1.7884785, 50.841938]}",,
95,5d245689f82093f85a6f1579,software,,2009.0,52.3624655,5.2025569,Wappalyzer,,"{'type': 'Point', 'coordinates': [5.2025569, 52.3624655]}","statistics, cms, tracker",
96,5d245689f82093f85a6f158e,web,,2009.0,25.5230058,-103.4174464,facelovefinder,1.0,"{'type': 'Point', 'coordinates': [-103.4174464, 25.5230058]}","dating, love, site, social, network, 2-0, date, couple, find, networking",
97,5d245689f82093f85a6f1596,enterprise,,2009.0,40.740976,-73.9947229,Infor,,"{'type': 'Point', 'coordinates': [-73.9947229, 40.740976]}",,
98,5d245689f82093f85a6f15a7,web,,2010.0,40.650291,-74.294395,eCampusCash,3.0,"{'type': 'Point', 'coordinates': [-74.294395, 40.650291]}","college, discounts, coupons, mobile, university, deals, printable-coupons, text-message-coupons, sms-coupons, online-discounts, online-coupons, savings",
99,5d245689f82093f85a6f15da,software,,2009.0,37.3229727,-122.0385792,ScaleMP,,"{'type': 'Point', 'coordinates': [-122.0385792, 37.3229727]}",,8000000.0
100,5d245689f82093f85a6f1602,web,,2009.0,42.3756007,-72.4436464,Otalo,2.0,"{'type': 'Point', 'coordinates': [-72.4436464, 42.3756007]}","vacation, time-share, rentals, real-estate, rental-search",
101,5d245689f82093f85a6f162d,web,,2009.0,29.714229,-95.527479,Digital Meld,5.0,"{'type': 'Point', 'coordinates': [-95.527479, 29.714229]}","blog, tech, consumer-electronics, gadgets, gizmos, technology",
102,5d245689f82093f85a6f163b,software,,2011.0,37.270518,-121.955879,VisualOn,,"{'type': 'Point', 'coordinates': [-121.955879, 37.270518]}",,3100000.0
103,5d245689f82093f85a6f1643,web,,2009.0,45.4928591,-73.5825418,Twtapps,1.0,"{'type': 'Point', 'coordinates': [-73.5825418, 45.4928591]}","twtpoll, twtsurvey, twtvite, twtaway, twtbizcard, twtqpon, twtfaq, twtjobs, twttrip",
104,5d245689f82093f85a6f1647,games_video,,2009.0,37.7905538,-122.4041485,Heyzap,,"{'type': 'Point', 'coordinates': [-122.4041485, 37.7905538]}","games, games-developers",7970000.0
105,5d245689f82093f85a6f1650,ecommerce,,2009.0,42.610112,-71.442225,iShopWiser,2.0,"{'type': 'Point', 'coordinates': [-71.442225, 42.610112]}","social-shopping, web2-0",
106,5d245689f82093f85a6f1651,other,,2009.0,34.423403,-119.704416,Talk to a Celeb,5.0,"{'type': 'Point', 'coordinates': [-119.704416, 34.423403]}","social-web, blog, entertainment, celebrity, music, movie",
107,5d245689f82093f85a6f1686,hardware,,2009.0,37.785271,-122.397582,Meez,21.0,"{'type': 'Point', 'coordinates': [-122.397582, 37.785271]}","virtual-word, avatar, 3d, 3d-avatar, meeznation, meez-forums, avatars, 3d-messaging",10200000.0
108,5d245689f82093f85a6f16b4,cleantech,,2009.0,39.0714909,-84.3857442,Pilus Energy,4.0,"{'type': 'Point', 'coordinates': [-84.3857442, 39.0714909]}","biotech, cleantech, alternative-energy, bacteria, electricity, hydrogen-gas, water",
109,5d245689f82093f85a6f16eb,,,2009.0,37.755068,-122.418026,About Me!,,"{'type': 'Point', 'coordinates': [-122.418026, 37.755068]}",,
110,5d245689f82093f85a6f1755,web,,2009.0,38.9169394,-77.0852258,GrouperEye,3.0,"{'type': 'Point', 'coordinates': [-77.0852258, 38.9169394]}","entry-level, internships, case-competions, cases, competition, business-ideas",
111,5d245689f82093f85a6f1768,network_hosting,,2009.0,37.317649,-121.948532,MyFolio,,"{'type': 'Point', 'coordinates': [-121.948532, 37.317649]}","art, social-network, art-social-network, artist, artists",
112,5d245689f82093f85a6f176b,ecommerce,,2009.0,50.837051,4.367612,Skilto,2.0,"{'type': 'Point', 'coordinates': [4.367612, 50.837051]}","local, community, skills, skilled, online-directory, services, classifieds, yellow-pages",
113,5d245689f82093f85a6f1788,advertising,,2009.0,28.621704,-81.290729,ikywim creative,2.0,"{'type': 'Point', 'coordinates': [-81.290729, 28.621704]}","design, xhtml, css, central-florida, orlando, winter-park, sound, production, branding, websites, collateral",
114,5d245689f82093f85a6f178c,public_relations,,2009.0,39.0832204,-78.218254,iplotz,5.0,"{'type': 'Point', 'coordinates': [-78.218254, 39.0832204]}","mockups, wireframing, prototyping",
115,5d245689f82093f85a6f17c3,enterprise,,2009.0,35.8535092,-78.8267112,Talari Networks,60.0,"{'type': 'Point', 'coordinates': [-78.8267112, 35.8535092]}","broadband, network-optimization, wan, wan-optimization, enterprise-wan, adaptive-private-networking, private-wan, mpls, vpn, woc, network-reliability, wan-performance, bandwidth, bandwidth-optimization, application-acceleration",45100000.0
116,5d245689f82093f85a6f17ca,enterprise,,2009.0,37.317735,-121.949417,Talari Networks,60.0,"{'type': 'Point', 'coordinates': [-121.949417, 37.317735]}","broadband, network-optimization, wan, wan-optimization, enterprise-wan, adaptive-private-networking, private-wan, mpls, vpn, woc, network-reliability, wan-performance, bandwidth, bandwidth-optimization, application-acceleration",45100000.0
117,5d245689f82093f85a6f1802,network_hosting,,2009.0,42.7904907,-86.0667227,Zammr,1.0,"{'type': 'Point', 'coordinates': [-86.0667227, 42.7904907]}","application, social-networking, twitter, web-2-0",
118,5d245689f82093f85a6f1814,web,,2009.0,51.3673409,5.5858466,Interacto,2.0,"{'type': 'Point', 'coordinates': [5.5858466, 51.3673409]}","contact-management, contact-manager, streaming-services",
119,5d245689f82093f85a6f1818,web,,2009.0,34.013247,-84.495636,Asurrent,3.0,"{'type': 'Point', 'coordinates': [-84.495636, 34.013247]}","collect-rent, collect-rent-online, collect-rent-payments, collect-rent-payments-online, online-rent-payment-service, online-rent-payment, online-rent-payments, pay-rent, pay-rent-online, rent-payment-service, rent-payments-online, rent-payment-system, ren",
120,5d245689f82093f85a6f181f,ecommerce,,2009.0,51.5196135,-0.1020265,Shutl,10.0,"{'type': 'Point', 'coordinates': [-0.1020265, 51.5196135]}","shutl, e-commerce, logistics, retail, multi-channel, saas, cloud-courier, web-service, delivery-platform, ceo, delivery, entrepreneur, british-entrepreneur, london, dartmouth, courier, british, swiss, bermudian, switzerland, bermuda, shoreditch, ecourier",9585149.0
121,5d245689f82093f85a6f182e,web,,2009.0,42.362886,-76.356869,Ontology2,2.0,"{'type': 'Point', 'coordinates': [-76.356869, 42.362886]}",,
122,5d245689f82093f85a6f1835,games_video,,2009.0,40.727763,-73.976169,Music For Busy People,3.0,"{'type': 'Point', 'coordinates': [-73.976169, 40.727763]}",music-recomendations-web2-0-community-invite-only-pandora-ilike-last-fm,
123,5d245689f82093f85a6f183e,web,,2009.0,42.2674977,2.9608395,alteregoweb,1.0,"{'type': 'Point', 'coordinates': [2.9608395, 42.2674977]}","smart-homes, web-service, document",
124,5d245689f82093f85a6f1840,public_relations,,2009.0,43.5141923,16.4389264,Centillion,5.0,"{'type': 'Point', 'coordinates': [16.4389264, 43.5141923]}","web, cms, decillion, print, graphic, desing, marketing, site",
125,5d245689f82093f85a6f1851,,,2009.0,40.743616,-73.9880796,Milabra,,"{'type': 'Point', 'coordinates': [-73.9880796, 40.743616]}",,
126,5d245689f82093f85a6f1866,software,,2010.0,27.4081935,-82.5294065,kinDragon,1.0,"{'type': 'Point', 'coordinates': [-82.5294065, 27.4081935]}",software-internet-web,
127,5d245689f82093f85a6f18a2,web,,2009.0,38.675833,-90.482766,CanvasGrafix,2.0,"{'type': 'Point', 'coordinates': [-90.482766, 38.675833]}","kids-wall-art, kids-room-decor, kids-canvas-art",
128,5d245689f82093f85a6f18a6,mobile,,2009.0,51.5001524,-0.1262362,VouChaCha,15.0,"{'type': 'Point', 'coordinates': [-0.1262362, 51.5001524]}","gps, location-based, iphone, vouchers, voucher, coupons, coupon, discount, advertising, mobile-vouchers, mobile-coupons, location-based-advertising, seedcamp, seedcamp-2009",
129,5d245689f82093f85a6f18e5,public_relations,,2009.0,52.4087359,-1.4761532,Rouse Media,3.0,"{'type': 'Point', 'coordinates': [-1.4761532, 52.4087359]}",politics,
130,5d245689f82093f85a6f1901,web,2012.0,2009.0,51.6214201,-0.2547278,LaunchMind,3.0,"{'type': 'Point', 'coordinates': [-0.2547278, 51.6214201]}","graduates, headhunting, recruitment, jobs, internships, cv-database, resume-database",
131,5d245689f82093f85a6f1907,mobile,,2009.0,40.802858,-96.694751,Reflect7,3.0,"{'type': 'Point', 'coordinates': [-96.694751, 40.802858]}",saas-mobile-iphone-android-nokia-web-services,
132,5d245689f82093f85a6f191a,software,,2009.0,37.4513629,-122.1842112,Transifex,12.0,"{'type': 'Point', 'coordinates': [-122.1842112, 37.4513629]}","localization, globalization, internationalization, translation-project-management, translation-marketplace, translation-workflow, crowdsourcing, localization-platform",
133,5d245689f82093f85a6f1921,security,,2009.0,43.5408,-116.5625,completelyprivatefiles,1.0,"{'type': 'Point', 'coordinates': [-116.5625, 43.5408]}",encryption-security-box-net-privacy,
134,5d245689f82093f85a6f192a,web,,2009.0,42.3756409,-72.5196907,Tinychat,5.0,"{'type': 'Point', 'coordinates': [-72.5196907, 42.3756409]}","chat, chat-room, video-conference, tinychat, videochat, webchat--tc50-demopit09",1500000.0
135,5d245689f82093f85a6f194e,games_video,,2010.0,12.971606,77.594376,BASH Gaming,25.0,"{'type': 'Point', 'coordinates': [77.594376, 12.971606]}","casino, bingo, facebook, iphone, android, social",1000000.0
136,5d245689f82093f85a6f1954,games_video,,2010.0,37.5561712,-122.0780632,BASH Gaming,25.0,"{'type': 'Point', 'coordinates': [-122.0780632, 37.5561712]}","casino, bingo, facebook, iphone, android, social",1000000.0
137,5d245689f82093f85a6f195b,advertising,,2009.0,39.274034,-76.5908291,BidPlace SB,11.0,"{'type': 'Point', 'coordinates': [-76.5908291, 39.274034]}","advertising, online-advertising, ad-serving, marketing, online-marketing, targeting, ecommerce, banner-ads, banner-advertising, self-service-advertising, display-advertising, display-ads, online-display, ad-network",
138,5d245689f82093f85a6f195f,advertising,,2009.0,33.92854,-118.397818,imFORZA Marketing,30.0,"{'type': 'Point', 'coordinates': [-118.397818, 33.92854]}","search-marketing-company, internet-marketing-company, online-marketing-firm, seo-company, ppc-management, seo, ppc, smm, blogging, internet-advertising-company, seo-firm",
139,5d245689f82093f85a6f1962,enterprise,,2009.0,50.0528269,14.5120024,Plupper,2.0,"{'type': 'Point', 'coordinates': [14.5120024, 50.0528269]}","xmpp, jabber, chat, free, support, selfcare, customer-care, saas, live-chat, live-support, cloud-computing, cloud",
140,5d245689f82093f85a6f197f,public_relations,,2009.0,37.775196,-122.419204,Startup Revival,1.0,"{'type': 'Point', 'coordinates': [-122.419204, 37.775196]}","startup, failed-startups, failed-startup, entrepreneur",
141,5d245689f82093f85a6f1985,ecommerce,,2009.0,45.0062594,-93.0914376,Tech Profuse,11.0,"{'type': 'Point', 'coordinates': [-93.0914376, 45.0062594]}","travel, www-vihari-in, e-commerce, air-tickets, google-apps-reseller, www-wesetup-net",
142,5d245689f82093f85a6f1986,other,,2009.0,25.8945858,-80.1622525,IamStocks,1.0,"{'type': 'Point', 'coordinates': [-80.1622525, 25.8945858]}","finance, stocks, news",
143,5d245689f82093f85a6f198b,public_relations,,2009.0,33.487056,-111.909805,CitySpur,17.0,"{'type': 'Point', 'coordinates': [-111.909805, 33.487056]}","local-business-directory, hyperlocal, listings, premium-yellowpages, regional-marketing, geo-targeted",
144,5d245689f82093f85a6f198f,games_video,2009.0,2012.0,37.775196,-122.419204,Fliggo,2.0,"{'type': 'Point', 'coordinates': [-122.419204, 37.775196]}",video-sharing-community-fliggo-site-creation-platform,
145,5d245689f82093f85a6f1998,software,,2010.0,42.318138,-71.24756,AppNeta,,"{'type': 'Point', 'coordinates': [-71.24756, 42.318138]}","cloud, enterprise, it",55800000.0
146,5d245689f82093f85a6f199a,cleantech,,2009.0,37.443,-122.159291,GreenITers,4.0,"{'type': 'Point', 'coordinates': [-122.159291, 37.443]}",clean-technology-in-japan,
147,5d245689f82093f85a6f19ac,software,,2009.0,42.6751888,-71.1469003,AppZero,50.0,"{'type': 'Point', 'coordinates': [-71.1469003, 42.6751888]}","vaas, cloud-migration, application-migration, ws2003-eol, cloud, video",15100000.0
148,5d245689f82093f85a6f19b1,consulting,,2009.0,50.5777223,8.675371,betterchange,,"{'type': 'Point', 'coordinates': [8.675371, 50.5777223]}","consultancy, change, management, change-management, moderation, digital-moderation",
149,5d245689f82093f85a6f19ba,software,,2009.0,9.9396253,76.2594981,PebbleForge,4.0,"{'type': 'Point', 'coordinates': [76.2594981, 9.9396253]}","cloud-computing, web-development, mobile-development",
150,5d245689f82093f85a6f19bb,web,,2009.0,46.0439,-118.378229,TwitterCorp,1.0,"{'type': 'Point', 'coordinates': [-118.378229, 46.0439]}","twitter, api, rss-feeds, rss, ceos, cmos, ctos",
151,5d245689f82093f85a6f19bd,legal,2012.0,2009.0,38.989977,-77.121382,Legal River,3.0,"{'type': 'Point', 'coordinates': [-77.121382, 38.989977]}","legal-services, lawyer, law-firm, intellectual-property, incorporating, attorney, launchbox09",
152,5d245689f82093f85a6f19ca,ecommerce,,2009.0,42.3983662,-71.0213788,Action Sports Branding,3.0,"{'type': 'Point', 'coordinates': [-71.0213788, 42.3983662]}","action-sports-marketing, action-sports-consulting, actionsports-pr, skateboard-marketing, snowboard-marketing, surf-marketing, bmx-marketing, bike-marketing",
153,5d245689f82093f85a6f19ce,ecommerce,,2009.0,35.7892464,-78.7252479,RealUp,,"{'type': 'Point', 'coordinates': [-78.7252479, 35.7892464]}",commercial-real-estate,
154,5d245689f82093f85a6f19e0,web,2011.0,2009.0,38.892991,-121.076418,KidSwirl,2.0,"{'type': 'Point', 'coordinates': [-121.076418, 38.892991]}","kids, social-network, kid-games, safe-kids, kid-blog, children, social-networking, kid-social-network",
155,5d245689f82093f85a6f1a01,advertising,,2009.0,37.515853,-122.3050823,Clasilistados,4.0,"{'type': 'Point', 'coordinates': [-122.3050823, 37.515853]}","ads, spanish, classified, free, espanol",
156,5d245689f82093f85a6f1a02,advertising,,2010.0,37.777995,-122.408914,MyLikes,,"{'type': 'Point', 'coordinates': [-122.408914, 37.777995]}","social-media-advertising, twitter, youtube",6230000.0
157,5d245689f82093f85a6f1a08,consulting,,2009.0,37.7983181,-122.4000032,The Vertical Action Group,10.0,"{'type': 'Point', 'coordinates': [-122.4000032, 37.7983181]}","turnaround, management-consulting, enterprise-marketing, growth-strategies, bankruptcy, financing",
158,5d245689f82093f85a6f1a1d,advertising,,2009.0,40.7454098,-73.9822211,Cognitive Match,40.0,"{'type': 'Point', 'coordinates': [-73.9822211, 40.7454098]}","matching-engine, conversion, increase-conversion, recommendations-engine, revenue-optimisation, revenue-optimization, personalisation-company, personalisation, personalization",10200000.0
159,5d245689f82093f85a6f1a1e,advertising,,2009.0,37.380653,-122.1156934,Cognitive Match,40.0,"{'type': 'Point', 'coordinates': [-122.1156934, 37.380653]}","matching-engine, conversion, increase-conversion, recommendations-engine, revenue-optimisation, revenue-optimization, personalisation-company, personalisation, personalization",10200000.0
160,5d245689f82093f85a6f1a1f,advertising,,2009.0,41.2601663,-96.0791435,Cognitive Match,40.0,"{'type': 'Point', 'coordinates': [-96.0791435, 41.2601663]}","matching-engine, conversion, increase-conversion, recommendations-engine, revenue-optimisation, revenue-optimization, personalisation-company, personalisation, personalization",10200000.0
161,5d245689f82093f85a6f1a24,advertising,,2009.0,40.727216,-73.994797,Simulmedia,35.0,"{'type': 'Point', 'coordinates': [-73.994797, 40.727216]}","media, marketing, television",57300000.0
162,5d245689f82093f85a6f1a2a,mobile,,2009.0,29.733947,-95.5393869,Tenant Txt,,"{'type': 'Point', 'coordinates': [-95.5393869, 29.733947]}","tenant, txt, contact, tenants, email, text-message, office, reminders, maintenance, alerts, tenant-txt, contact-tenants",
163,5d245689f82093f85a6f1a2e,web,,2009.0,51.5001524,-0.1262362,rent2friend,1.0,"{'type': 'Point', 'coordinates': [-0.1262362, 51.5001524]}","travel, facebook, rental",
164,5d245689f82093f85a6f1a2f,public_relations,,2009.0,40.778334,-73.9453758,VideoCustomizer,20.0,"{'type': 'Point', 'coordinates': [-73.9453758, 40.778334]}","video, video-ads, video-advertising",
165,5d245689f82093f85a6f1a34,web,,2009.0,40.097071,-88.245638,Wolfram Alpha,,"{'type': 'Point', 'coordinates': [-88.245638, 40.097071]}","qa, database, education, real-time, research, technology, answers, facts, information, questions",
166,5d245689f82093f85a6f1a40,advertising,,2009.0,51.5119418,-0.0936688,Cognitive Match,40.0,"{'type': 'Point', 'coordinates': [-0.0936688, 51.5119418]}","matching-engine, conversion, increase-conversion, recommendations-engine, revenue-optimisation, revenue-optimization, personalisation-company, personalisation, personalization",10200000.0
167,5d245689f82093f85a6f1a43,network_hosting,,2009.0,37.4189073,-122.0884286,Gridstore,31.0,"{'type': 'Point', 'coordinates': [-122.0884286, 37.4189073]}",web2ireland,28037500.0
168,5d245689f82093f85a6f1a51,web,,2009.0,42.362856,-71.083762,VitalLock,4.0,"{'type': 'Point', 'coordinates': [-71.083762, 42.362856]}","privacy, messaging, facebook, password, legacy, web2-0, cloud, consumer, estate, legal",
169,5d245689f82093f85a6f1a6d,software,,2009.0,28.1524632,-80.5883964,OBE Pro,4.0,"{'type': 'Point', 'coordinates': [-80.5883964, 28.1524632]}","online-business, entrepreneur, home-business, internet-marketing, business-development",
170,5d245689f82093f85a6f1a97,other,,2009.0,49.2685125,-123.1783566,Tweetizen,2.0,"{'type': 'Point', 'coordinates': [-123.1783566, 49.2685125]}","twitter-groups, filter-tweets, grouping-tweets, twitter, tweetizen, twitter-group-topics, local-social-groups, create-a-twitter-group, show-popular-groups, twitter-this, sponsor-a-twitter-group, join-a-twitter-group, follow-me-groups, rt, re-tweet, follow",
171,5d245689f82093f85a6f1a99,other,,2009.0,-37.839941,144.976425,Internet Marketing Academy Australia,8.0,"{'type': 'Point', 'coordinates': [144.976425, -37.839941]}","internet-marketing, small-business, medium-business",100000.0
172,5d245689f82093f85a6f1aa0,other,,2009.0,12.971606,77.594376,IndiMedicos,,"{'type': 'Point', 'coordinates': [77.594376, 12.971606]}","medical, community, doctors, physicians",
173,5d245689f82093f85a6f1aa6,public_relations,,2009.0,40.74828,-73.989276,IrishCentral,20.0,"{'type': 'Point', 'coordinates': [-73.989276, 40.74828]}","irish, community",
174,5d245689f82093f85a6f1ab3,news,,2009.0,39.4157,-76.6096,Blippitt,1.0,"{'type': 'Point', 'coordinates': [-76.6096, 39.4157]}","tech-news, viral-videos, viral-news",
175,5d245689f82093f85a6f1ac1,web,,2009.0,33.989029,-118.462421,Cuteness Pet Community,2.0,"{'type': 'Point', 'coordinates': [-118.462421, 33.989029]}","pet-community, pets, shopping, thunderdome, cute",
176,5d245689f82093f85a6f1ac4,web,,2009.0,49.5507557,8.6759098,yiid,9.0,"{'type': 'Point', 'coordinates': [8.6759098, 49.5507557]}","openweb, openid, dataportability, microformats, portable-contacts",
177,5d245689f82093f85a6f1ae4,web,,2009.0,42.3584308,-71.0597732,Mashed jobs,,"{'type': 'Point', 'coordinates': [-71.0597732, 42.3584308]}",,
178,5d245689f82093f85a6f1ae7,search,,2009.0,28.7029,-81.3387,Guias Local,5.0,"{'type': 'Point', 'coordinates': [-81.3387, 28.7029]}","local, search, beta, elpaso, hispanic, guias, latino, espanol, localsearch, busqueda, cities, ciudades, map, mapa, groupolo",
179,5d245689f82093f85a6f1af8,web,,2009.0,48.8704331,2.3449804,PathMotion,,"{'type': 'Point', 'coordinates': [2.3449804, 48.8704331]}","careers, job-search, guidance, job, alumni, career, seekers",
180,5d245689f82093f85a6f1af9,other,,2009.0,47.6859063,-122.141024,StoreBlogs,10.0,"{'type': 'Point', 'coordinates': [-122.141024, 47.6859063]}","business-blogs, blogging-services, blog-network, blogger-community, ecommerce-blogs, publishing-platform, storeblogs, storeblogs-com",
181,5d245689f82093f85a6f1b09,web,,2009.0,60.123399,24.4280745,Fotomina,4.0,"{'type': 'Point', 'coordinates': [24.4280745, 60.123399]}","stock, photo, photography, royalty-free, rf, sell, buy, illustration, vector",
182,5d245689f82093f85a6f1b13,advertising,,2009.0,37.7944822,-122.4030739,IBWIRE Inc,,"{'type': 'Point', 'coordinates': [-122.4030739, 37.7944822]}","press-release, press-release-service, press-release-distribution, press-release-services",
183,5d245689f82093f85a6f1b1f,software,,2009.0,34.0909811,-118.325739,Setster,3.0,"{'type': 'Point', 'coordinates': [-118.325739, 34.0909811]}","appointment, calendar, widget, time",
184,5d245689f82093f85a6f1b2c,software,,2009.0,40.7078343,-74.0136605,GameChanger Media,20.0,"{'type': 'Point', 'coordinates': [-74.0136605, 40.7078343]}","mobile, iphone, app, baseball, scorekeeping, user-generated, real-time-content, hyperlocal",3640000.0
185,5d245689f82093f85a6f1b41,games_video,,2009.0,47.6103008,-122.3399782,Z2Live,130.0,"{'type': 'Point', 'coordinates': [-122.3399782, 47.6103008]}",,6500000.0
186,5d245689f82093f85a6f1b46,web,,2009.0,53.5736401,10.0184565,Gate 53|10 Technologies,4.0,"{'type': 'Point', 'coordinates': [10.0184565, 53.5736401]}","affiliate-aggregation, content-monetization, affiliate-optimization",158131.0
187,5d245689f82093f85a6f1b48,mobile,,2009.0,37.494561,-122.229097,Y Media Labs,50.0,"{'type': 'Point', 'coordinates': [-122.229097, 37.494561]}","iphone-developer, iphone-app-developer, seo-consultant, seo-service",
188,5d245689f82093f85a6f1b51,web,,2009.0,54.6893865,25.2800243,PunchT,,"{'type': 'Point', 'coordinates': [25.2800243, 54.6893865]}","web, productivity, app",
189,5d245689f82093f85a6f1b55,web,,2009.0,41.259751,-95.942336,RockDex,4.0,"{'type': 'Point', 'coordinates': [-95.942336, 41.259751]}","music, social, analytics",
190,5d245689f82093f85a6f1b66,web,,2009.0,34.007112,-118.489748,Tongal,8.0,"{'type': 'Point', 'coordinates': [-118.489748, 34.007112]}","marketing, alt-content, community, hollywood, shorts, commercials, crowd-source, crowdsource, instructional-video, music-video, prediction, crowdsourcing",16000000.0
191,5d245689f82093f85a6f1b70,enterprise,,2009.0,42.364014,-71.101375,oneforty,5.0,"{'type': 'Point', 'coordinates': [-71.101375, 42.364014]}","twitter, pistachio, techstars, techstars-boston-2009, pivotal, appstore",2350000.0
192,5d245689f82093f85a6f1b71,mobile,,2009.0,38.2571486,-85.7617724,Rhyme Library,,"{'type': 'Point', 'coordinates': [-85.7617724, 38.2571486]}","qr-code, barcode, hip-hop, music, youtube, itunes, qr",
193,5d245689f82093f85a6f1b89,web,,2009.0,37.4484914,-122.1802812,Blog Traffic Exchange,1.0,"{'type': 'Point', 'coordinates': [-122.1802812, 37.4484914]}","seo, blog, blogging, links, traffic",
194,5d245689f82093f85a6f1b8b,other,,2009.0,13.014823,77.6503104,Earthenhive Architects,12.0,"{'type': 'Point', 'coordinates': [77.6503104, 13.014823]}","architects-and-anterior-designs, turnkey-solutions",
195,5d245689f82093f85a6f1ba2,analytics,,2009.0,40.73343,-73.990967,Chartbeat,50.0,"{'type': 'Point', 'coordinates': [-73.990967, 40.73343]}","analytics, real-time, betaworks",14500000.0
196,5d245689f82093f85a6f1ba5,public_relations,,2009.0,32.920073,-96.740444,Aigc middleast,5.0,"{'type': 'Point', 'coordinates': [-96.740444, 32.920073]}","seo, communication, integrated, social",
197,5d245689f82093f85a6f1ba6,software,,2009.0,32.920073,-96.740444,crush tweet,1.0,"{'type': 'Point', 'coordinates': [-96.740444, 32.920073]}","twitetr, crush, startup, web2-0, twitter-api",
198,5d245689f82093f85a6f1bb6,web,,2009.0,-37.742893,145.065044,Trigora,7.0,"{'type': 'Point', 'coordinates': [145.065044, -37.742893]}","business-software, compare-business-software, small-business-software, small-biz-software",
199,5d245689f82093f85a6f1bba,enterprise,,2009.0,61.0626853,28.0978108,Novelion Media,4.0,"{'type': 'Point', 'coordinates': [28.0978108, 61.0626853]}","video, delivery, speed, hosting, digitization, portal",
200,5d245689f82093f85a6f1bbf,web,,2009.0,38.765172,-75.211743,Talent Spree,,"{'type': 'Point', 'coordinates': [-75.211743, 38.765172]}","talent, community, sharing, friends, showcase, social-network",
201,5d245689f82093f85a6f1bc1,network_hosting,,2012.0,37.7581148,-122.4184108,RipCloud,2.0,"{'type': 'Point', 'coordinates': [-122.4184108, 37.7581148]}","cloud, wordpress, php, amazon, aws",
202,5d245689f82093f85a6f1bce,ecommerce,,2009.0,-23.5489433,-46.6388182,Brandsclub,140.0,"{'type': 'Point', 'coordinates': [-46.6388182, -23.5489433]}",,17000000.0
203,5d245689f82093f85a6f1bd0,web,2012.0,2009.0,51.5206682,-0.1852079,TV Pixie,2.0,"{'type': 'Point', 'coordinates': [-0.1852079, 51.5206682]}","online-publishing, tv, entertainment, web-2-0",56075.0
204,5d245689f82093f85a6f1bd7,web,2010.0,2009.0,52.2025441,0.1312368,Broadersheet,2.0,"{'type': 'Point', 'coordinates': [0.1312368, 52.2025441]}","news-aggregator, newspaper, news",
205,5d245689f82093f85a6f1bd9,enterprise,,2012.0,51.5001524,-0.1262362,Plug in SEO,1.0,"{'type': 'Point', 'coordinates': [-0.1262362, 51.5001524]}","inbound-marketing, search-optimization, organic-search, paid-search, inbound-links, descriptive-urls, url-rewrite, seedcamp, seedcamp-2009",
206,5d245689f82093f85a6f1bdb,ecommerce,,2009.0,39.7366963,-8.7985658,Weebiz,2.0,"{'type': 'Point', 'coordinates': [-8.7985658, 39.7366963]}","business, business-network, social-network, opportunity",
207,5d245689f82093f85a6f1bdd,software,,2009.0,55.7794043,37.6899674,CineSoft,5.0,"{'type': 'Point', 'coordinates': [37.6899674, 55.7794043]}","collaboration, software, internet, saas",
208,5d245689f82093f85a6f1bf0,advertising,,2009.0,37.7405936,-122.3764714,CoTweet,18.0,"{'type': 'Point', 'coordinates': [-122.3764714, 37.7405936]}","twitter, crm, jesse-engle, aaron-gotwalt, kyle-sollenberger, guy-kawasaki, jerry-michalski, laura-fitton, john-loftus, ayush-agarwal, social-networks",1100000.0
209,5d245689f82093f85a6f1bf5,other,2013.0,2010.0,41.8274209,-71.4030891,Jobzle,5.0,"{'type': 'Point', 'coordinates': [-71.4030891, 41.8274209]}","betaspring, jobs, college, college-jobs, student, student-jobs, job-network, job, campus, campus-jobs, student-employment, employment, career, student-career, college-career, internship, student-internship, college-internship, summer-job, summer-employmen",30000.0
210,5d245689f82093f85a6f1bf6,software,,2009.0,48.8524775,2.3660117,Antelink,10.0,"{'type': 'Point', 'coordinates': [2.3660117, 48.8524775]}","software-quality, mutli-sourcing, open-source",
211,5d245689f82093f85a6f1bfc,public_relations,,2009.0,49.1856229,-2.1077539,MyHandle,6.0,"{'type': 'Point', 'coordinates': [-2.1077539, 49.1856229]}","email-fowarding, online-address-book, user-privacy, single-point-of-contact",
212,5d245689f82093f85a6f1c16,other,,2009.0,40.7391853,-73.9897456,HD Cloud,,"{'type': 'Point', 'coordinates': [-73.9897456, 40.7391853]}",,
213,5d245689f82093f85a6f1c18,enterprise,,2009.0,38.552782,-121.734779,VetAnyware,3.0,"{'type': 'Point', 'coordinates': [-121.734779, 38.552782]}","saas, veterinary-software, electronic-health-records, customer-relationship-management",
214,5d245689f82093f85a6f1c3d,search,,2009.0,37.448598,-122.158497,Wowd,28.0,"{'type': 'Point', 'coordinates': [-122.158497, 37.448598]}",real-time-search,
215,5d245689f82093f85a6f1c3f,web,,2009.0,37.775196,-122.419204,Twazzup,,"{'type': 'Point', 'coordinates': [-122.419204, 37.775196]}","twitter, search, micro-blogging",
216,5d245689f82093f85a6f1c61,web,,2009.0,37.555111,-122.265123,BlazingStreams,,"{'type': 'Point', 'coordinates': [-122.265123, 37.555111]}",news-real-time-news-real-time,
217,5d245689f82093f85a6f1c64,consulting,,2009.0,42.281569,-83.813914,Compel Interaction,10.0,"{'type': 'Point', 'coordinates': [-83.813914, 42.281569]}",,
218,5d245689f82093f85a6f1c65,consulting,,2009.0,41.875026,-87.628933,Compel Interaction,10.0,"{'type': 'Point', 'coordinates': [-87.628933, 41.875026]}",,
219,5d245689f82093f85a6f1c66,consulting,,2009.0,44.7871116,-85.6378062,Compel Interaction,10.0,"{'type': 'Point', 'coordinates': [-85.6378062, 44.7871116]}",,
220,5d245689f82093f85a6f1c6d,web,,2009.0,51.5137747,-0.1459893,Tweenjo,2.0,"{'type': 'Point', 'coordinates': [-0.1459893, 51.5137747]}",uk-community-social-network-unemployed-redundant-redundancy-travel-job-hunting,
221,5d245689f82093f85a6f1c6e,web,,2009.0,37.400465,-122.073003,psychiatryRounds,10.0,"{'type': 'Point', 'coordinates': [-122.073003, 37.400465]}","psychiatry, health, social-network, physician, psychiatrists, md, healthcare, medical, medicine, doctor",
222,5d245689f82093f85a6f1c70,ecommerce,,2013.0,37.772323,-122.214897,Shopseen,2.0,"{'type': 'Point', 'coordinates': [-122.214897, 37.772323]}","shopping, ecommerce, brick-and-mortar, retail, small-business",
223,5d245689f82093f85a6f1c88,web,,2009.0,51.5603951,-0.1365725,Space Spare,2.0,"{'type': 'Point', 'coordinates': [-0.1365725, 51.5603951]}","desk, office, space, flat, apartment, parking, garden, shed",
224,5d245689f82093f85a6f1c96,web,,2009.0,52.5296736,13.6281888,Webteilchen,2.0,"{'type': 'Point', 'coordinates': [13.6281888, 52.5296736]}","online-marketing, web-service, web-services, programming, php, mysql, ajax, zend-framework, seo, search-engine-optimization, search-engine-marketing, webdesign, web, online, marketing, germany, berlin, corporate-identy, myspace-design, web-design",
225,5d245689f82093f85a6f1c9b,enterprise,2010.0,2009.0,1.2771581,103.8367911,iSyndica,8.0,"{'type': 'Point', 'coordinates': [103.8367911, 1.2771581]}",,500000.0
226,5d245689f82093f85a6f1c9e,enterprise,2010.0,2009.0,42.8024132,-71.541744,iSyndica,8.0,"{'type': 'Point', 'coordinates': [-71.541744, 42.8024132]}",,500000.0
227,5d245689f82093f85a6f1ca6,education,,2009.0,30.288159,-97.750154,MyEdu,20.0,"{'type': 'Point', 'coordinates': [-97.750154, 30.288159]}","higher-education, college-finder, profile, jobs, job-board",18700000.0
228,5d245689f82093f85a6f1cb7,games_video,,2009.0,32.8270045,-96.8432224,Gameleaper,1.0,"{'type': 'Point', 'coordinates': [-96.8432224, 32.8270045]}","video-games, xbox-360, playstation-3, nintendo-wii, gaming-community, console-games",
229,5d245689f82093f85a6f1cbf,web,2013.0,2009.0,37.4484914,-122.1802812,Factery,2.0,"{'type': 'Point', 'coordinates': [-122.1802812, 37.4484914]}",interest-tracker,1200000.0
230,5d245689f82093f85a6f1cc0,web,,2009.0,40.746417,-73.983171,Catchafire,,"{'type': 'Point', 'coordinates': [-73.983171, 40.746417]}","social-entrepreneurship, non-profit, nycent-09, volunteer, nonprofit, skills-based, volunteerism",400000.0
231,5d245689f82093f85a6f1cc7,enterprise,,2009.0,37.4734314,-121.9417078,Ikanos,,"{'type': 'Point', 'coordinates': [-121.9417078, 37.4734314]}",,42000000.0
232,5d245689f82093f85a6f1cca,enterprise,,2009.0,30.2734822,-97.7588828,Infochimps,24.0,"{'type': 'Point', 'coordinates': [-97.7588828, 30.2734822]}","data, data-sets, hadoop, cassandra, database, enterprise, data-warehouse, social-network, data-mining",5350000.0
233,5d245689f82093f85a6f1ccb,web,,2009.0,52.5189904,13.4663753,quoobs,3.0,"{'type': 'Point', 'coordinates': [13.4663753, 52.5189904]}","mobile, web, location-based, context-based, berlin, football, soccer, facebook, social",
234,5d245689f82093f85a6f1cd2,games_video,,2011.0,34.019114,-81.004871,Hayen Company,1.0,"{'type': 'Point', 'coordinates': [-81.004871, 34.019114]}","social-media, internet-marketing, south-carolina, advertising, graphic-design, promotional-material, logos, art, public-relations, internet-identity, website, online-communities, tools, blogging, profiles",
235,5d245689f82093f85a6f1cd8,software,,2009.0,55.6770321,12.5751278,1calendar,8.0,"{'type': 'Point', 'coordinates': [12.5751278, 55.6770321]}","online-calendars, education, internet, mobile-applications, advertisement, event-provider-catalouge",40000.0
236,5d245689f82093f85a6f1cd9,software,,2009.0,55.6802318,12.524884,1calendar,8.0,"{'type': 'Point', 'coordinates': [12.524884, 55.6802318]}","online-calendars, education, internet, mobile-applications, advertisement, event-provider-catalouge",40000.0
237,5d245689f82093f85a6f1cdc,enterprise,,2009.0,52.4055581,13.0673441,printium,3.0,"{'type': 'Point', 'coordinates': [13.0673441, 52.4055581]}","print, publishing, community, global, directory",
238,5d245689f82093f85a6f1ce7,ecommerce,,2009.0,41.8819283,-87.6445473,YesFreelance,5.0,"{'type': 'Point', 'coordinates': [-87.6445473, 41.8819283]}","freelance, freelancers, freelancing",
239,5d245689f82093f85a6f1cf9,web,,2009.0,48.2114213,16.3736319,all140,4.0,"{'type': 'Point', 'coordinates': [16.3736319, 48.2114213]}","real-time, news, magazine",
240,5d245689f82093f85a6f1cfa,games_video,,2009.0,45.488419,-122.642156,BIT TV,10.0,"{'type': 'Point', 'coordinates': [-122.642156, 45.488419]}","live-streaming-video, vod, pay-per-view-video, streaming, video, social-networking, live-hd-video",
241,5d245689f82093f85a6f1d00,software,,2009.0,27.3858,-82.423,AlphaPoint Technology,10.0,"{'type': 'Point', 'coordinates': [-82.423, 27.3858]}","visualization-software, data-center-management, asset-management",
242,5d245689f82093f85a6f1d0c,mobile,,2009.0,52.0848526,5.1682449,Distimo,17.0,"{'type': 'Point', 'coordinates': [5.1682449, 52.0848526]}","app-store, mobile, distribution, mobile-distribution, mobile-applications, mobile-apps, apple-app-store, android-market, blackberry-app-world, getjar",
243,5d245689f82093f85a6f1d0d,mobile,2009.0,2009.0,43.3075798,5.3873453,Tempolib,4.0,"{'type': 'Point', 'coordinates': [5.3873453, 43.3075798]}","phone, number, temporary",224300.0
244,5d245689f82093f85a6f1d18,legal,,2009.0,37.7753,-122.4186,LendingKarma,1.0,"{'type': 'Point', 'coordinates': [-122.4186, 37.7753]}","loans, person-to-person, lending, p2p, peer-to-peer-lending, loan-tracking",
245,5d245689f82093f85a6f1d27,ecommerce,,2009.0,13.060416,80.249634,BigSpire Technologies,5.0,"{'type': 'Point', 'coordinates': [80.249634, 13.060416]}",,
246,5d245689f82093f85a6f1d2f,mobile,,2009.0,47.6447802,-122.325878,AppStoreHQ,3.0,"{'type': 'Point', 'coordinates': [-122.325878, 47.6447802]}","iphone-applications, mobile-applications, mobile-web",
247,5d245689f82093f85a6f1d34,advertising,,2009.0,40.756054,-73.986951,Delivr,,"{'type': 'Point', 'coordinates': [-73.986951, 40.756054]}","mobile, qr-codes, mobileok, mobile-url, mobile-friendly",
248,5d245689f82093f85a6f1d4d,network_hosting,,2009.0,50.732295,-1.818289,Pressitt,5.0,"{'type': 'Point', 'coordinates': [-1.818289, 50.732295]}","smnr, pr, social-media-press-release, news-distribution",
249,5d245689f82093f85a6f1d51,medical,,2009.0,37.4202074,-122.0933053,drchrono,50.0,"{'type': 'Point', 'coordinates': [-122.0933053, 37.4202074]}","rock-health, mobile-healthcare, medical-billing, medical-software, free-emr, free-ehr, healthcare, health-care, healthcareit, health-care-it, emr, electronic-medical-records, ehr, electronic-health-records, phr, personal-health-records, physician, doctor",4130000.0
250,5d245689f82093f85a6f1d76,web,,2009.0,37.7710177,-122.4025976,Nextstop,,"{'type': 'Point', 'coordinates': [-122.4025976, 37.7710177]}","travel, recommendations",
251,5d245689f82093f85a6f1d7b,design,,2009.0,45.7968414,-122.6931439,Graticle,1.0,"{'type': 'Point', 'coordinates': [-122.6931439, 45.7968414]}","web-design, web-hosting, graphic-design, web-development, seo, search-engine-optimization",
252,5d245689f82093f85a6f1d85,web,,2009.0,28.635308,77.22496,HobbyAdda,,"{'type': 'Point', 'coordinates': [77.22496, 28.635308]}",,
253,5d245689f82093f85a6f1d8f,mobile,,2009.0,65.0127875,25.470902,Pikkoo,5.0,"{'type': 'Point', 'coordinates': [25.470902, 65.0127875]}","mobile, personalization, flash-lite, screensaver, wallpaper, social, user-generated",
254,5d245689f82093f85a6f1d91,web,,2009.0,48.8964115,2.2863338,OCTALINE,2.0,"{'type': 'Point', 'coordinates': [2.2863338, 48.8964115]}","lead-generation, name-your-own-price, prospects",
255,5d245689f82093f85a6f1d99,software,,2009.0,38.9569894,-92.3227556,Book'd,1.0,"{'type': 'Point', 'coordinates': [-92.3227556, 38.9569894]}","schedule, calendar, e-commerce, bookings, appointments, reservations, saas",
256,5d245689f82093f85a6f1da0,software,,2009.0,48.3400291,10.9059804,makandra,8.0,"{'type': 'Point', 'coordinates': [10.9059804, 48.3400291]}","filepanic, ruby-on-rails, webapplications, saas, software-as-a-service, augsburg, munich, software-development",
257,5d245689f82093f85a6f1da8,web,,2009.0,47.715013,-122.320283,Eco-Rate,,"{'type': 'Point', 'coordinates': [-122.320283, 47.715013]}","eco, green, environment, efficiency, energy-efficiency, water-efficiency, energy-conservation, water-conservation, green-revolution, comparison, product-comparison, product-evaluation, lifecycle, lifecycle-cost, lifecycle-cost-analysis, cost-benefit-analy",
258,5d245689f82093f85a6f1db0,web,,2009.0,42.3647559,-71.1032591,Shareaholic,,"{'type': 'Point', 'coordinates': [-71.1032591, 42.3647559]}","sharing, share, saving, save, bookmarking, bookmark, adding, add, analytics, statistics, shareaholic",5460000.0
259,5d245689f82093f85a6f1db4,ecommerce,,2009.0,45.523875,-122.670399,Contenture,,"{'type': 'Point', 'coordinates': [-122.670399, 45.523875]}",deadpool,
260,5d245689f82093f85a6f1dbd,web,,2009.0,41.9205483,-87.6531805,Statugle,1.0,"{'type': 'Point', 'coordinates': [-87.6531805, 41.9205483]}","stat-search, energy-stats, sports-stats, business-stats, government-stats, interesting-stats, science-stats, statistics, stats, data, numbers, search, user-built, web-2-0, wiki",
261,5d245689f82093f85a6f1dc2,other,,2009.0,39.5633544,-104.8571368,Remodel Connect,2.0,"{'type': 'Point', 'coordinates': [-104.8571368, 39.5633544]}","remodeling, general-contractors, home-improvement",
262,5d245689f82093f85a6f1dd9,games_video,,2010.0,27.972364,-82.800333,Flixxy,,"{'type': 'Point', 'coordinates': [-82.800333, 27.972364]}",videos-entertainment-education-humor,
263,5d245689f82093f85a6f1de4,software,,2009.0,-23.5815208,-46.6773686,DP7 Digital,6.0,"{'type': 'Point', 'coordinates': [-46.6773686, -23.5815208]}","bytagg, rss-reader, twitter-alert, news, alert",100000.0
264,5d245689f82093f85a6f1de6,software,,2009.0,-27.5995476,-48.5483418,DP7 Digital,6.0,"{'type': 'Point', 'coordinates': [-48.5483418, -27.5995476]}","bytagg, rss-reader, twitter-alert, news, alert",100000.0
265,5d245689f82093f85a6f1df3,mobile,,2009.0,37.7983181,-122.4000032,AppNinjas,1.0,"{'type': 'Point', 'coordinates': [-122.4000032, 37.7983181]}","iphone, iswipe, credit-card-terminal",
266,5d245689f82093f85a6f1df7,software,,2009.0,54.520135,18.5416342,JustProto,11.0,"{'type': 'Point', 'coordinates': [18.5416342, 54.520135]}","prototype, prototyping, project, project-management",
267,5d245689f82093f85a6f1dfb,public_relations,,2009.0,37.5009759,127.0373502,Wetoku,4.0,"{'type': 'Point', 'coordinates': [127.0373502, 37.5009759]}","blog, interview, blogger, record, webcam",
268,5d245689f82093f85a6f1e05,public_relations,,2009.0,39.59659,-104.803213,ConsultantForce,,"{'type': 'Point', 'coordinates': [-104.803213, 39.59659]}","consultant, consulting, find-a-consultant, finding-consultants, lead-generation, project-leads, consulting-leads",
269,5d245689f82093f85a6f1e0e,consulting,,2009.0,-37.9924155,-57.5538238,Fan,10.0,"{'type': 'Point', 'coordinates': [-57.5538238, -37.9924155]}","sharepoint, custom-apps, e-commerce, software-engineering, usability, design",
270,5d245689f82093f85a6f1e18,web,,2009.0,26.280346,-80.186473,ToolzDO,1.0,"{'type': 'Point', 'coordinates': [-80.186473, 26.280346]}","online-neighborhood, hyperlocal, location-based, community-building, resource-sharing, rent-from-neighbors, rental, lend, borrow, swap, barter, freecycling, peer-to-peer, gifting-economy, local-living-economies, social-network, connect-neighbors, green-li",
271,5d245689f82093f85a6f1e21,web,2012.0,2009.0,38.881717,-77.089398,Social Collective,3.0,"{'type': 'Point', 'coordinates': [-77.089398, 38.881717]}","advertising, badges, awards, loyalty, checkins, saas, social-networking, events, conferences, trade-shows, music-festivals, contests",20000.0
272,5d245689f82093f85a6f1e29,other,,2009.0,51.193175,-1.510484,Mozbox Limited,3.0,"{'type': 'Point', 'coordinates': [-1.510484, 51.193175]}","cashback-shopping, cashback, social-shopping",
273,5d245689f82093f85a6f1e36,web,,2009.0,40.555566,-74.283346,jamWee,5.0,"{'type': 'Point', 'coordinates': [-74.283346, 40.555566]}","music-discovery, find-new-music, social-community",
274,5d245689f82093f85a6f1e39,enterprise,,2009.0,38.5621283,-121.7324992,Secure BI,2.0,"{'type': 'Point', 'coordinates': [-121.7324992, 38.5621283]}","sap, security, grc, controls, audit, sox, erp, authorizations, provisioning",
275,5d245689f82093f85a6f1e47,web,,2009.0,39.8725119,-4.0210296,Hostarting,2.0,"{'type': 'Point', 'coordinates': [-4.0210296, 39.8725119]}","hosting, reviews, servers, housing, domains, cloud, backups",
276,5d245689f82093f85a6f1e48,web,2011.0,2009.0,51.3891333,-2.3626891,ZodBod,1.0,"{'type': 'Point', 'coordinates': [-2.3626891, 51.3891333]}","weight-loss-2-0, weight-loss-transformations",31283.0
277,5d245689f82093f85a6f1e52,other,,2009.0,37.569607,-77.469076,SocialPlane,2.0,"{'type': 'Point', 'coordinates': [-77.469076, 37.569607]}","user-generated-content, lists, social-book-marking, social-media",
278,5d245689f82093f85a6f1e5c,mobile,,2009.0,49.261226,-123.1139268,QxMD Software,6.0,"{'type': 'Point', 'coordinates': [-123.1139268, 49.261226]}","mobile, medical, apps, iphone, medicine, android, ipad, read, calculate",
279,5d245689f82093f85a6f1e65,web,,2009.0,53.5688101,9.9819779,expertnews,1.0,"{'type': 'Point', 'coordinates': [9.9819779, 53.5688101]}","news, twitter, rss, reader",
280,5d245689f82093f85a6f1e68,web,,2009.0,47.620973,-122.347276,Flaggpole,4.0,"{'type': 'Point', 'coordinates': [-122.347276, 47.620973]}","location-based, social-network, hyperlocal",
281,5d245689f82093f85a6f1e79,web,,2009.0,26.706239,-80.0520862,ReferenceBot,1.0,"{'type': 'Point', 'coordinates': [-80.0520862, 26.706239]}","professional-reference, employment, headhunting, 2-0",
282,5d245689f82093f85a6f1e89,security,,2009.0,40.707954,-74.011114,Vaultive,25.0,"{'type': 'Point', 'coordinates': [-74.011114, 40.707954]}",,11000000.0
283,5d245689f82093f85a6f1e95,software,,2009.0,40.438423,-80.001933,The Resumator,40.0,"{'type': 'Point', 'coordinates': [-80.001933, 40.438423]}","saas, hiring, ats, hr, software",2980000.0
284,5d245689f82093f85a6f1ea6,mobile,,2009.0,42.2802707,-83.7422325,Carrier Mobile,0.0,"{'type': 'Point', 'coordinates': [-83.7422325, 42.2802707]}","mobile, logistics, software, fleet-management, logging",10000.0
285,5d245689f82093f85a6f1eb5,social,,2009.0,37.5646055,-122.3229235,Sofa Labs,5.0,"{'type': 'Point', 'coordinates': [-122.3229235, 37.5646055]}",,1200000.0
286,5d245689f82093f85a6f1ec0,web,,2009.0,30.2961708,-97.7389543,AppUseful,7.0,"{'type': 'Point', 'coordinates': [-97.7389543, 30.2961708]}","web-apps, web-2-0, reviews, social-networking",
287,5d245689f82093f85a6f1ec6,enterprise,,2010.0,37.775206,-122.419209,Fliptop,16.0,"{'type': 'Point', 'coordinates': [-122.419209, 37.775206]}","big-data, predictive-analytics, social-data, lead-scoring",6790000.0
288,5d245689f82093f85a6f1ec7,ecommerce,,2009.0,33.519503,-111.941542,College Art Online,2.0,"{'type': 'Point', 'coordinates': [-111.941542, 33.519503]}","buy-art, sell-art, art-blog, curated-exhibitions, paintings, photographs, sculptures, student-art",
289,5d245689f82093f85a6f1ec9,other,,2009.0,37.9928939,-1.1317041,Cokidoo,4.0,"{'type': 'Point', 'coordinates': [-1.1317041, 37.9928939]}","internet, vertical-social-network, communities, graphics, 2d, 3d",
290,5d245689f82093f85a6f1ece,other,,2009.0,42.8995162,-8.5089455,Cokidoo,4.0,"{'type': 'Point', 'coordinates': [-8.5089455, 42.8995162]}","internet, vertical-social-network, communities, graphics, 2d, 3d",
291,5d245689f82093f85a6f1ed6,games_video,,2009.0,40.6367104,-3.9980485,Undead Code Studios,5.0,"{'type': 'Point', 'coordinates': [-3.9980485, 40.6367104]}","videogames, blogs, web, internet, mobile, iphone, facebook, ipad",
292,5d245689f82093f85a6f1ee5,software,,2009.0,12.9164537,77.6101165,IndiaOnAPage,8.0,"{'type': 'Point', 'coordinates': [77.6101165, 12.9164537]}","free-classified, free-ads, free-advertisements, events, travel, hospitals, atm, doctor, temples, real-estate, automobile, vehicle, general-information, business, cab, bank, college, school, tuition, coaching, hotels, restaurant, gym, health, yoga, electri",
293,5d245689f82093f85a6f1ee9,web,,2009.0,40.7489381,-73.9918181,ArtNeighbor,5.0,"{'type': 'Point', 'coordinates': [-73.9918181, 40.7489381]}","art, arts, social-network, web-2-0, website, artists, community",
294,5d245689f82093f85a6f1eec,consulting,,2009.0,40.3113504,-75.1135236,Nalts Consulting,1.0,"{'type': 'Point', 'coordinates': [-75.1135236, 40.3113504]}","social-media, video, marketing, consulting, advertising, web-2-0, nalts, nalty, viral, twitter, youtube",
295,5d245689f82093f85a6f1f00,advertising,,2009.0,42.3406534,-71.0680027,ClickFuel,20.0,"{'type': 'Point', 'coordinates': [-71.0680027, 42.3406534]}","internet-marketing, clickfuel, internet-marketing-agency, steve-pogorzelski",9000000.0
296,5d245689f82093f85a6f1f02,games_video,,2010.0,-27.4574861,153.033686,ekidnaworld,10.0,"{'type': 'Point', 'coordinates': [153.033686, -27.4574861]}","safe, virtual-world, kids, australian, games, age-appropriate",
297,5d245689f82093f85a6f1f05,advertising,,2009.0,35.1214086,-120.619506,RentShout,5.0,"{'type': 'Point', 'coordinates': [-120.619506, 35.1214086]}","rental-advertising, rental-marketing, advertise-rentals-online, rentals, apartments",
298,5d245689f82093f85a6f1f06,web,,2009.0,38.7071631,-9.135517,Movip,2.0,"{'type': 'Point', 'coordinates': [-9.135517, 38.7071631]}","twitter, blip, videos, video, real-time, playlist, twitvid, youtube, vimeo, gubb, movie",
299,5d245689f82093f85a6f1f07,web,2010.0,2009.0,35.684912,-78.832593,TweetWagon,2.0,"{'type': 'Point', 'coordinates': [-78.832593, 35.684912]}","twitter, local-business, directory, marketing, coupons, deals, business",
300,5d245689f82093f85a6f1f21,mobile,,2009.0,45.503971,-73.57236,mTrip,7.0,"{'type': 'Point', 'coordinates': [-73.57236, 45.503971]}","travel, guide, iphone, ipad, android, tourism, city, maps, mobile, app, white-label, tour-operator, travel-publisher, travel-agencies, tourism-boards, dmo",
301,5d245689f82093f85a6f1f25,advertising,,2009.0,34.007967,-118.489681,Gravity,12.0,"{'type': 'Point', 'coordinates': [-118.489681, 34.007967]}","interest-graph, personalization",20600000.0
302,5d245689f82093f85a6f1f29,web,,2009.0,39.9081726,116.3979471,Maopao,,"{'type': 'Point', 'coordinates': [116.3979471, 39.9081726]}",,
303,5d245689f82093f85a6f1f2c,fashion,,2010.0,43.264499,-2.9308322,Chicisimo,4.0,"{'type': 'Point', 'coordinates': [-2.9308322, 43.264499]}","fashion, sharing, tastes, behavior, style, street-style, female, women, trends",800000.0
304,5d245689f82093f85a6f1f31,games_video,,2009.0,53.5622698,9.9490139,scoyo,13.0,"{'type': 'Point', 'coordinates': [9.9490139, 53.5622698]}","e-learning, gamebasedlearning, seriousgames, edutainment",
305,5d245689f82093f85a6f1f3a,web,,2009.0,40.675234,-73.971043,"Spurd, Inc",,"{'type': 'Point', 'coordinates': [-73.971043, 40.675234]}",,
306,5d245689f82093f85a6f1f40,search,,2009.0,25.774252,-80.190262,Status Search,2.0,"{'type': 'Point', 'coordinates': [-80.190262, 25.774252]}",,
307,5d245689f82093f85a6f1f42,search,,2009.0,32.0554,34.7595,Status Search,2.0,"{'type': 'Point', 'coordinates': [34.7595, 32.0554]}",,
308,5d245689f82093f85a6f1f44,web,,2009.0,53.3706564,-1.5613493,OnePage,2.0,"{'type': 'Point', 'coordinates': [-1.5613493, 53.3706564]}","business-card, realtime, social-networks, aggregator",
309,5d245689f82093f85a6f1f5e,hardware,,2009.0,12.9349604,77.6136847,Althea Systems,,"{'type': 'Point', 'coordinates': [77.6136847, 12.9349604]}",,3000000.0
310,5d245689f82093f85a6f1f64,ecommerce,,2009.0,40.72874,-73.989324,Covet Shop,2.0,"{'type': 'Point', 'coordinates': [-73.989324, 40.72874]}","consignment, online-consignment, designer-consignment, consignment-shops",
311,5d245689f82093f85a6f1f65,web,,2009.0,48.9974246,8.4649954,FindandSmile,2.0,"{'type': 'Point', 'coordinates': [8.4649954, 48.9974246]}","dating, free, online-dating, dating-site, free-dating",
312,5d245689f82093f85a6f1f6e,web,,2009.0,40.756054,-73.986951,Udorse,3.0,"{'type': 'Point', 'coordinates': [-73.986951, 40.756054]}",stealth-mode,500000.0
313,5d245689f82093f85a6f1f77,web,,2009.0,48.882769,2.336453,YesOrNow,3.0,"{'type': 'Point', 'coordinates': [2.336453, 48.882769]}","yesornow, real-life, date, dating, rendez-vous-",
314,5d245689f82093f85a6f1f7b,games_video,,2009.0,37.320052,-121.877636,Meuzer,3.0,"{'type': 'Point', 'coordinates': [-121.877636, 37.320052]}","music, streaming, facebook, connect, sharing",
315,5d245689f82093f85a6f1f83,web,,2009.0,48.8566667,2.3509871,HURRYCAM,5.0,"{'type': 'Point', 'coordinates': [2.3509871, 48.8566667]}","video-seo, shopping, video, consumer-video-reviews, timetag, speech-to-text, video-shopping-community",
316,5d245689f82093f85a6f1f89,music,,2009.0,41.9251196,12.4834691,Stereomood,12.0,"{'type': 'Point', 'coordinates': [12.4834691, 41.9251196]}","music, streaming-radio, mood-music, mood, emotional-music",
317,5d245689f82093f85a6f1f8d,ecommerce,,2009.0,34.007967,-118.489681,SharesPost,,"{'type': 'Point', 'coordinates': [-118.489681, 34.007967]}",,
318,5d245689f82093f85a6f1f98,web,,2009.0,51.5395914,-0.1525048,Bar Exchange,10.0,"{'type': 'Point', 'coordinates': [-0.1525048, 51.5395914]}","batrender-social-network, bar-jobs, hotel-jobs, pub-jobs, restaurant-jobs, nightclub-jobs, bar-training, drinks-encyclopedia, drinks-library, drinks-brands, drinks-industry-professionals, barmen",
319,5d245689f82093f85a6f1f9e,web,,2009.0,37.775196,-122.419204,Finest Expert,3.0,"{'type': 'Point', 'coordinates': [-122.419204, 37.775196]}","real-estate, real-estate-investing, real-estate-investment, rental-property, investment-property, property-investment, home-rental, home-rentals, rentals, cash-flow, cashflow, ccr, apr, ltv, money, mls, agent",
320,5d245689f82093f85a6f1fa0,software,,2009.0,45.5058782,-73.5673333,Nirvana,3.0,"{'type': 'Point', 'coordinates': [-73.5673333, 45.5058782]}","gtd, productivity, software, web-2-0",
321,5d245689f82093f85a6f1fa1,mobile,,2009.0,26.0607497,-80.1899371,Kloud Mobile,10.0,"{'type': 'Point', 'coordinates': [-80.1899371, 26.0607497]}",,
322,5d245689f82093f85a6f1fba,web,,2009.0,43.477552,-80.534491,Buddingup,2.0,"{'type': 'Point', 'coordinates': [-80.534491, 43.477552]}","entry-level, jobs, careers, coop, internship, job-search, waterloo-startup",
323,5d245689f82093f85a6f1fc5,software,,2009.0,41.9174637,-87.6664837,Eventric,10.0,"{'type': 'Point', 'coordinates': [-87.6664837, 41.9174637]}","live-event-management-software, vip-ticketing-solutions, live-event-marketplace",
324,5d245689f82093f85a6f1fc6,mobile,,2009.0,41.581232,-93.621998,BitMethod,6.0,"{'type': 'Point', 'coordinates': [-93.621998, 41.581232]}","ios, android, mobile-apps, mobile-design, mobile-ux, mobile-consulting",50000.0
325,5d245689f82093f85a6f1fcc,web,,2009.0,39.951639,-75.163808,ZIPQODE,1.0,"{'type': 'Point', 'coordinates': [-75.163808, 39.951639]}","lgbt, gay, lesbian, transgendered, bisexual",
326,5d245689f82093f85a6f1fe0,web,,2009.0,40.7489381,-73.9918181,Strategist News,4.0,"{'type': 'Point', 'coordinates': [-73.9918181, 40.7489381]}","business-news, best-business-blogs",
327,5d245689f82093f85a6f1fea,biotech,,2013.0,37.6656476,-122.3843489,VistaGen Therapeutics,,"{'type': 'Point', 'coordinates': [-122.3843489, 37.6656476]}",,41300000.0
328,5d245689f82093f85a6f2027,messaging,,2009.0,51.8205815,0.0118608,ipadio,15.0,"{'type': 'Point', 'coordinates': [0.0118608, 51.8205815]}","audio, phonecast, social-networking, social-media, broadcast, phlog, blog",1600000.0
329,5d245689f82093f85a6f2029,advertising,,2009.0,51.5001524,-0.1262362,AgreeYourFee,4.0,"{'type': 'Point', 'coordinates': [-0.1262362, 51.5001524]}","recruitment, free-advertising, fee-agreed-recruitment, cost-control",
330,5d245689f82093f85a6f202a,other,,2009.0,32.781078,-96.797111,Mohawk Interactive,1.0,"{'type': 'Point', 'coordinates': [-96.797111, 32.781078]}","user-reviews, fishing, fishing-guides, directory",
331,5d245689f82093f85a6f2054,biotech,,2009.0,29.7847641,-82.4768036,Applied Genetics Technologies Corporation,,"{'type': 'Point', 'coordinates': [-82.4768036, 29.7847641]}","gene-therapy, biotech",78100000.0
332,5d245689f82093f85a6f205b,cleantech,,2009.0,40.5932386,-105.0766501,Solix Biofuels,50.0,"{'type': 'Point', 'coordinates': [-105.0766501, 40.5932386]}",,68800000.0
333,5d245689f82093f85a6f205f,web,,2009.0,48.8566667,2.3509871,Ykone,10.0,"{'type': 'Point', 'coordinates': [2.3509871, 48.8566667]}","fashion, social, media, ykone, france",1682250.0
334,5d245689f82093f85a6f2066,consulting,,2009.0,8.503696,76.952187,OzTern Digital Services,,"{'type': 'Point', 'coordinates': [76.952187, 8.503696]}","seo, ppc, sem, internet-marketing, online-marketing",
335,5d245689f82093f85a6f2068,network_hosting,,2009.0,53.14967,8.200653,youserbase,2.0,"{'type': 'Point', 'coordinates': [8.200653, 53.14967]}","germany, oldenburg, wiki",
336,5d245689f82093f85a6f207b,web,,2009.0,34.002737,-81.018312,Startlike,8.0,"{'type': 'Point', 'coordinates': [-81.018312, 34.002737]}","homepage, home-page, startpage, start-page, custom, personalized",
337,5d245689f82093f85a6f208a,software,,2009.0,33.5341548,-117.7769669,ResuWe,5.0,"{'type': 'Point', 'coordinates': [-117.7769669, 33.5341548]}","recruiting-software, applicant-tracking-system, ats, saas, staffing, job-post, resume",
338,5d245689f82093f85a6f208b,biotech,,2009.0,40.026,-105.259041,Clovis Oncology,,"{'type': 'Point', 'coordinates': [-105.259041, 40.026]}",,357000000.0
339,5d245689f82093f85a6f2094,web,,2009.0,34.052187,-118.243425,ITTAGS,,"{'type': 'Point', 'coordinates': [-118.243425, 34.052187]}","semantic-web, web-3-0, tech-news, tech-blogs, tech-companies, los-angeles, southern-california",
340,5d245689f82093f85a6f2099,web,,2009.0,42.2796339,-88.3339768,Ray Websmith,,"{'type': 'Point', 'coordinates': [-88.3339768, 42.2796339]}",chicago-web-design,
341,5d245689f82093f85a6f209c,other,,2009.0,51.0966039,5.1730329,Recreax,3.0,"{'type': 'Point', 'coordinates': [5.1730329, 51.0966039]}","leisure, maps, events, activities, sparetime",
342,5d245689f82093f85a6f20ad,web,,2009.0,51.5215279,-0.1038219,Enternships,15.0,"{'type': 'Point', 'coordinates': [-0.1038219, 51.5215279]}","jobs, recruitment, internships, graduates, work-placements",
343,5d245689f82093f85a6f20ba,public_relations,,2009.0,51.5220763,-0.1153003,Comufy,,"{'type': 'Point', 'coordinates': [-0.1153003, 51.5220763]}","seedcamp, seedcamp-2009",
344,5d245689f82093f85a6f20e4,web,,2009.0,55.6057989,12.9950742,Kvittar,4.0,"{'type': 'Point', 'coordinates': [12.9950742, 55.6057989]}","digital-receipts, receipt, transactions, on-line, searchable, paper-consumption, point-of-sales-system, card, accountant",
345,5d245689f82093f85a6f20e5,mobile,,2009.0,52.3657578,4.8928722,Layar,32.0,"{'type': 'Point', 'coordinates': [4.8928722, 52.3657578]}","browser, mobile-browser, augmented-reality-browser, camera-browser",13400000.0
346,5d245689f82093f85a6f20e7,web,,2009.0,47.909156,-97.055612,GatherSource,,"{'type': 'Point', 'coordinates': [-97.055612, 47.909156]}","news, search-engine, news-search",
347,5d245689f82093f85a6f20f4,search,,2009.0,51.4770982,-0.2867703,PicFog,1.0,"{'type': 'Point', 'coordinates': [-0.2867703, 51.4770982]}","twitter, twitpic, real-time, search",
348,5d245689f82093f85a6f2108,software,,2009.0,40.4244585,-3.6990948,Taxi Fares app,5.0,"{'type': 'Point', 'coordinates': [-3.6990948, 40.4244585]}","iphone, android, palm, taxi",
349,5d245689f82093f85a6f2112,biotech,,2009.0,40.455501,-74.478931,Actinobac Biomed,,"{'type': 'Point', 'coordinates': [-74.478931, 40.455501]}",,600000.0
350,5d245689f82093f85a6f2123,ecommerce,,2010.0,40.4455155,-3.7061764,ticketea,,"{'type': 'Point', 'coordinates': [-3.7061764, 40.4455155]}","ticketea, ticketing, event, management, invitations, conferences, parties, sport-events",5730000.0
351,5d245689f82093f85a6f2129,software,,2009.0,52.3655578,4.9345824,Lipperhey,6.0,"{'type': 'Point', 'coordinates': [4.9345824, 52.3655578]}","seo, searchabillity, online, service, soho",224300.0
352,5d245689f82093f85a6f214d,advertising,,2009.0,40.003146,-105.137715,ZOOMcatalog,7.0,"{'type': 'Point', 'coordinates': [-105.137715, 40.003146]}","promotionalproducts, advertisingspecialties, corporategifts, promotionalitems, digitalcatalogs, searchengine, ecofriendly",
353,5d245689f82093f85a6f2153,mobile,,2009.0,47.8227,13.041788,Wikitude,20.0,"{'type': 'Point', 'coordinates': [13.041788, 47.8227]}",wikitude-augmented-reality-award-winner-android-iphone,
354,5d245689f82093f85a6f2159,mobile,,2009.0,48.1154399,16.2974355,vooch,,"{'type': 'Point', 'coordinates': [16.2974355, 48.1154399]}","mobile, coupon, voucher",
355,5d245689f82093f85a6f2170,other,,2009.0,45.0850398,-87.6329743,Midwest Data Systems,8.0,"{'type': 'Point', 'coordinates': [-87.6329743, 45.0850398]}","web-development, web-hosting, networking, computer-repair, custom-software",
356,5d245689f82093f85a6f2175,ecommerce,,2009.0,32.2306445,-110.9725175,Truckeo,,"{'type': 'Point', 'coordinates': [-110.9725175, 32.2306445]}",,
357,5d245689f82093f85a6f217b,web,,2009.0,38.905504,-77.05681,Vortimer,2.0,"{'type': 'Point', 'coordinates': [-77.05681, 38.905504]}","resume-service, resume-analysis, resume-review",
358,5d245689f82093f85a6f21a2,mobile,,2009.0,51.5514688,-0.1996418,Myhive,6.0,"{'type': 'Point', 'coordinates': [-0.1996418, 51.5514688]}",myhive-iphone-advertising-media-apple,
359,5d245689f82093f85a6f21c1,web,,2009.0,18.2066344,-67.1517568,140Ware,3.0,"{'type': 'Point', 'coordinates': [-67.1517568, 18.2066344]}",,
360,5d245689f82093f85a6f21c5,web,,2009.0,37.241813,-121.986779,Asyus,7.0,"{'type': 'Point', 'coordinates': [-121.986779, 37.241813]}","online-shopping, comparison-shopping, ecommerce, shopping, deals, savings, web-2-0",
361,5d245689f82093f85a6f21d2,cleantech,,2009.0,42.603532,-83.16134,Delphi,,"{'type': 'Point', 'coordinates': [-83.16134, 42.603532]}",,8000000.0
362,5d245689f82093f85a6f21d7,software,2010.0,2009.0,30.305809,-97.8177601,LugIron Software,10.0,"{'type': 'Point', 'coordinates': [-97.8177601, 30.305809]}","social-media, social-marketing, analytics, social-media-analytics, social-marketing-analytics, social-marketing-platform, community-analytics, saas",
363,5d245689f82093f85a6f21e1,software,,2009.0,45.4649519,9.2087727,Easter Egg,,"{'type': 'Point', 'coordinates': [9.2087727, 45.4649519]}","web, iphone, facebook, twitter",
364,5d245689f82093f85a6f21ec,web,2012.0,2009.0,37.7611016,-122.4160008,TwtBks,3.0,"{'type': 'Point', 'coordinates': [-122.4160008, 37.7611016]}","micropublishing, microblogging, on-demand-print-services, personal-authorship",25000.0
365,5d245689f82093f85a6f220e,web,,2009.0,40.7408042,-74.00717,ChallengePost,17.0,"{'type': 'Point', 'coordinates': [-74.00717, 40.7408042]}",,4600000.0
366,5d245689f82093f85a6f229f,consulting,,2009.0,28.490886,-82.540512,Outspoken Media,8.0,"{'type': 'Point', 'coordinates': [-82.540512, 28.490886]}","internet-marketing, seo, search-engine-optimization, reputation-management, orm, link-building, social-media, blogging, content-creation",
367,5d245689f82093f85a6f22a5,web,,2009.0,41.4063346,2.1920231,Teambox,35.0,"{'type': 'Point', 'coordinates': [2.1920231, 41.4063346]}","project-management, collaboration, file-sharing, mobile, box, dropbox",6750000.0
368,5d245689f82093f85a6f22ab,web,2009.0,2009.0,42.8138649,-86.023846,Revetto,,"{'type': 'Point', 'coordinates': [-86.023846, 42.8138649]}","aggregator, social-aggregation, brand-monitoring, syndication, propagation, social-identity-management",20000.0
369,5d245689f82093f85a6f22e7,ecommerce,,2009.0,43.6502994,-79.3762688,Clickom,11.0,"{'type': 'Point', 'coordinates': [-79.3762688, 43.6502994]}","business-intelligence, data-management, innovation, technology, e-commerce, e-business, cloud-computing, paas, internet",
370,5d245689f82093f85a6f22f9,other,2010.0,2009.0,56.9530061,24.0996613,Bonvoyagee,4.0,"{'type': 'Point', 'coordinates': [24.0996613, 56.9530061]}","social-network, geographic, wiki, maps, mobile, location-based",
371,5d245689f82093f85a6f22ff,software,,2009.0,53.3328144,-6.2493777,ftopia,7.0,"{'type': 'Point', 'coordinates': [-6.2493777, 53.3328144]}","file-sharing, online-storage, openstack, aws",
372,5d245689f82093f85a6f2300,other,,2009.0,33.8837,-84.5144,Collective Core,1.0,"{'type': 'Point', 'coordinates': [-84.5144, 33.8837]}","web-design, web-development, search-engine-optimization, web-marketing",
373,5d245689f82093f85a6f2301,software,,2009.0,42.3672873,-71.0814466,Tiverias Apps,20.0,"{'type': 'Point', 'coordinates': [-71.0814466, 42.3672873]}",,
374,5d245689f82093f85a6f2306,other,,2009.0,39.977726,-83.01143,Glacir,5.0,"{'type': 'Point', 'coordinates': [-83.01143, 39.977726]}","social-networking, professional-networking, markov-models, shortest-path, hysteresis, six-degrees-of-separation, 6-degrees-of-separation",
375,5d245689f82093f85a6f230a,web,,2009.0,34.0698912,-118.405325,HOTForms123,2.0,"{'type': 'Point', 'coordinates': [-118.405325, 34.0698912]}","web-forms, sms-forms, flash-forms, interactive-forms, online-forms, polls, survey",
376,5d245689f82093f85a6f2346,mobile,,2009.0,30.268735,-97.745209,pTracker,2.0,"{'type': 'Point', 'coordinates': [-97.745209, 30.268735]}","mobile, app, iphone, news-search, austin",
377,5d245689f82093f85a6f2349,ecommerce,,2009.0,51.7714264,-1.2581049,Bookwhen,2.0,"{'type': 'Point', 'coordinates': [-1.2581049, 51.7714264]}","booking, calendar-booking, class-booking, events, ticketing, event-registration, registration, payments, tickets, reservation, conferences, classes, courses, workshops",
378,5d245689f82093f85a6f239e,games_video,,2009.0,49.2824551,-123.109217,Tiny Speck,45.0,"{'type': 'Point', 'coordinates': [-123.109217, 49.2824551]}",,17200000.0
379,5d245689f82093f85a6f23a5,cleantech,2011.0,2009.0,37.5252461,-121.9178417,Advanced Power Projects,,"{'type': 'Point', 'coordinates': [-121.9178417, 37.5252461]}",,13000000.0
380,5d245689f82093f85a6f23b0,consulting,,2009.0,39.394564,-119.8120795,MyChances,2.0,"{'type': 'Point', 'coordinates': [-119.8120795, 39.394564]}","college, college-admissions, predictions, statistics, metrics, analytics, education, university, chances, essay",
381,5d245689f82093f85a6f23b5,mobile,,2009.0,51.5177425,-0.1165365,acrossair,6.0,"{'type': 'Point', 'coordinates': [-0.1165365, 51.5177425]}","iphone, games, augmented-reality",
382,5d245689f82093f85a6f23b6,advertising,,2009.0,37.369195,-122.036849,InstantQ,3.0,"{'type': 'Point', 'coordinates': [-122.036849, 37.369195]}",,
383,5d245689f82093f85a6f23b7,consulting,,2009.0,37.4484914,-122.1802812,MyChances,2.0,"{'type': 'Point', 'coordinates': [-122.1802812, 37.4484914]}","college, college-admissions, predictions, statistics, metrics, analytics, education, university, chances, essay",
384,5d245689f82093f85a6f23bb,public_relations,,2009.0,25.723408,-80.306331,SEO Sumo,5.0,"{'type': 'Point', 'coordinates': [-80.306331, 25.723408]}","miami-seo, miami-seo-company, miami-seo-specialist, miami-seo-consultant",
385,5d245689f82093f85a6f23bd,mobile,,2009.0,50.83997,4.3464721,Getyoo,10.0,"{'type': 'Point', 'coordinates': [4.3464721, 50.83997]}","social-networks, networking, web, real-life, web-2-0, online-identities, business-cards, facebook, linkedin, twitter, flickr, myspace, connector, device, community, web-community, usb, rfid, nfc, start-up",1267295.0
386,5d245689f82093f85a6f23c1,software,,2009.0,47.0882193,8.4371634,Oriact,,"{'type': 'Point', 'coordinates': [8.4371634, 47.0882193]}","collaboration, communication, appliance, software-development, project",
